rosbagTimestamp,header,seq,stamp,secs,nsecs,frame_id,level,name,msg,file,function,line,topics,"/hedge_imu_fusion, /beacon_raw_distance]"
1545310681528739817,,7491,,1545310681,527203826,'',2,"""/hedge_rcv_bin""","""Address","""/home/rus/catkin_ws/src/marvelmind_robotics-ros_marvelmind_package-161ebebacf04/src/hedge_rcv_bin.cpp""","""main""",299,"[/rosout, /hedge_pos_ang, /hedge_pos_a, /hedge_pos, /beacons_pos_a, /hedge_imu_raw,"
1545310681645970117,,7492,,1545310681,645192812,'',2,"""/hedge_rcv_bin""","""Address","""/home/rus/catkin_ws/src/marvelmind_robotics-ros_marvelmind_package-161ebebacf04/src/hedge_rcv_bin.cpp""","""main""",299,"[/rosout, /hedge_pos_ang, /hedge_pos_a, /hedge_pos, /beacons_pos_a, /hedge_imu_raw,"
1545310681763817023,,7493,,1545310681,763095705,'',2,"""/hedge_rcv_bin""","""Address","""/home/rus/catkin_ws/src/marvelmind_robotics-ros_marvelmind_package-161ebebacf04/src/hedge_rcv_bin.cpp""","""main""",299,"[/rosout, /hedge_pos_ang, /hedge_pos_a, /hedge_pos, /beacons_pos_a, /hedge_imu_raw,"
1545310681883101894,,7494,,1545310681,881175186,'',2,"""/hedge_rcv_bin""","""Address","""/home/rus/catkin_ws/src/marvelmind_robotics-ros_marvelmind_package-161ebebacf04/src/hedge_rcv_bin.cpp""","""main""",299,"[/rosout, /hedge_pos_ang, /hedge_pos_a, /hedge_pos, /beacons_pos_a, /hedge_imu_raw,"
1545310681999821315,,7495,,1545310681,999042843,'',2,"""/hedge_rcv_bin""","""Address","""/home/rus/catkin_ws/src/marvelmind_robotics-ros_marvelmind_package-161ebebacf04/src/hedge_rcv_bin.cpp""","""main""",299,"[/rosout, /hedge_pos_ang, /hedge_pos_a, /hedge_pos, /beacons_pos_a, /hedge_imu_raw,"
1545310682118932493,,7496,,1545310682,117534689,'',2,"""/hedge_rcv_bin""","""Address","""/home/rus/catkin_ws/src/marvelmind_robotics-ros_marvelmind_package-161ebebacf04/src/hedge_rcv_bin.cpp""","""main""",299,"[/rosout, /hedge_pos_ang, /hedge_pos_a, /hedge_pos, /beacons_pos_a, /hedge_imu_raw,"
1545310682160465760,,7497,,1545310682,159445770,'',4,"""/vicon""","""karton_big occluded, not publishing... ""","""/home/rus/catkin_ws/src/vicon_bridge/src/vicon_bridge.cpp""","""process_subjects""",528,"[/rosout, /diagnostics, /tf, /vicon/markers, /vicon/cf1/cf1, /vicon/obstacle0/obstacle0,"
1545310682162121751,,7498,,1545310682,160877417,'',4,"""/vicon""","""palm occluded, not publishing... ""","""/home/rus/catkin_ws/src/vicon_bridge/src/vicon_bridge.cpp""","""process_subjects""",528,"[/rosout, /diagnostics, /tf, /vicon/markers, /vicon/cf1/cf1, /vicon/obstacle0/obstacle0,"
1545310682236982280,,7499,,1545310682,236196990,'',2,"""/hedge_rcv_bin""","""Address","""/home/rus/catkin_ws/src/marvelmind_robotics-ros_marvelmind_package-161ebebacf04/src/hedge_rcv_bin.cpp""","""main""",299,"[/rosout, /hedge_pos_ang, /hedge_pos_a, /hedge_pos, /beacons_pos_a, /hedge_imu_raw,"
1545310682356360978,,7500,,1545310682,355304424,'',2,"""/hedge_rcv_bin""","""Address","""/home/rus/catkin_ws/src/marvelmind_robotics-ros_marvelmind_package-161ebebacf04/src/hedge_rcv_bin.cpp""","""main""",299,"[/rosout, /hedge_pos_ang, /hedge_pos_a, /hedge_pos, /beacons_pos_a, /hedge_imu_raw,"
1545310682473334028,,7501,,1545310682,472453539,'',2,"""/hedge_rcv_bin""","""Address","""/home/rus/catkin_ws/src/marvelmind_robotics-ros_marvelmind_package-161ebebacf04/src/hedge_rcv_bin.cpp""","""main""",299,"[/rosout, /hedge_pos_ang, /hedge_pos_a, /hedge_pos, /beacons_pos_a, /hedge_imu_raw,"
1545310682828648089,,7502,,1545310682,827485609,'',2,"""/hedge_rcv_bin""","""Address","""/home/rus/catkin_ws/src/marvelmind_robotics-ros_marvelmind_package-161ebebacf04/src/hedge_rcv_bin.cpp""","""main""",299,"[/rosout, /hedge_pos_ang, /hedge_pos_a, /hedge_pos, /beacons_pos_a, /hedge_imu_raw,"
1545310682946341250,,7503,,1545310682,945111376,'',2,"""/hedge_rcv_bin""","""Address","""/home/rus/catkin_ws/src/marvelmind_robotics-ros_marvelmind_package-161ebebacf04/src/hedge_rcv_bin.cpp""","""main""",299,"[/rosout, /hedge_pos_ang, /hedge_pos_a, /hedge_pos, /beacons_pos_a, /hedge_imu_raw,"
1545310683064252350,,7504,,1545310683,63357370,'',2,"""/hedge_rcv_bin""","""Address","""/home/rus/catkin_ws/src/marvelmind_robotics-ros_marvelmind_package-161ebebacf04/src/hedge_rcv_bin.cpp""","""main""",299,"[/rosout, /hedge_pos_ang, /hedge_pos_a, /hedge_pos, /beacons_pos_a, /hedge_imu_raw,"
1545310683161125158,,7505,,1545310683,158999277,'',4,"""/vicon""","""karton_big occluded, not publishing... ""","""/home/rus/catkin_ws/src/vicon_bridge/src/vicon_bridge.cpp""","""process_subjects""",528,"[/rosout, /diagnostics, /tf, /vicon/markers, /vicon/cf1/cf1, /vicon/obstacle0/obstacle0,"
1545310683161155948,,7506,,1545310683,159883012,'',4,"""/vicon""","""palm occluded, not publishing... ""","""/home/rus/catkin_ws/src/vicon_bridge/src/vicon_bridge.cpp""","""process_subjects""",528,"[/rosout, /diagnostics, /tf, /vicon/markers, /vicon/cf1/cf1, /vicon/obstacle0/obstacle0,"
1545310683182144451,,7507,,1545310683,181243002,'',2,"""/hedge_rcv_bin""","""Address","""/home/rus/catkin_ws/src/marvelmind_robotics-ros_marvelmind_package-161ebebacf04/src/hedge_rcv_bin.cpp""","""main""",299,"[/rosout, /hedge_pos_ang, /hedge_pos_a, /hedge_pos, /beacons_pos_a, /hedge_imu_raw,"
1545310683301515746,,7508,,1545310683,299237800,'',2,"""/hedge_rcv_bin""","""Address","""/home/rus/catkin_ws/src/marvelmind_robotics-ros_marvelmind_package-161ebebacf04/src/hedge_rcv_bin.cpp""","""main""",299,"[/rosout, /hedge_pos_ang, /hedge_pos_a, /hedge_pos, /beacons_pos_a, /hedge_imu_raw,"
1545310683417596710,,7509,,1545310683,417000240,'',2,"""/hedge_rcv_bin""","""Address","""/home/rus/catkin_ws/src/marvelmind_robotics-ros_marvelmind_package-161ebebacf04/src/hedge_rcv_bin.cpp""","""main""",299,"[/rosout, /hedge_pos_ang, /hedge_pos_a, /hedge_pos, /beacons_pos_a, /hedge_imu_raw,"
1545310683537098174,,7510,,1545310683,536175223,'',2,"""/hedge_rcv_bin""","""Address","""/home/rus/catkin_ws/src/marvelmind_robotics-ros_marvelmind_package-161ebebacf04/src/hedge_rcv_bin.cpp""","""main""",299,"[/rosout, /hedge_pos_ang, /hedge_pos_a, /hedge_pos, /beacons_pos_a, /hedge_imu_raw,"
1545310683655940085,,7511,,1545310683,655035858,'',2,"""/hedge_rcv_bin""","""Address","""/home/rus/catkin_ws/src/marvelmind_robotics-ros_marvelmind_package-161ebebacf04/src/hedge_rcv_bin.cpp""","""main""",299,"[/rosout, /hedge_pos_ang, /hedge_pos_a, /hedge_pos, /beacons_pos_a, /hedge_imu_raw,"
1545310683773099205,,7512,,1545310683,772258894,'',2,"""/hedge_rcv_bin""","""Address","""/home/rus/catkin_ws/src/marvelmind_robotics-ros_marvelmind_package-161ebebacf04/src/hedge_rcv_bin.cpp""","""main""",299,"[/rosout, /hedge_pos_ang, /hedge_pos_a, /hedge_pos, /beacons_pos_a, /hedge_imu_raw,"
1545310683891355509,,7513,,1545310683,890296300,'',2,"""/hedge_rcv_bin""","""Address","""/home/rus/catkin_ws/src/marvelmind_robotics-ros_marvelmind_package-161ebebacf04/src/hedge_rcv_bin.cpp""","""main""",299,"[/rosout, /hedge_pos_ang, /hedge_pos_a, /hedge_pos, /beacons_pos_a, /hedge_imu_raw,"
1545310684009375821,,7514,,1545310684,8407024,'',2,"""/hedge_rcv_bin""","""Address","""/home/rus/catkin_ws/src/marvelmind_robotics-ros_marvelmind_package-161ebebacf04/src/hedge_rcv_bin.cpp""","""main""",299,"[/rosout, /hedge_pos_ang, /hedge_pos_a, /hedge_pos, /beacons_pos_a, /hedge_imu_raw,"
1545310684128349117,,7515,,1545310684,127273745,'',2,"""/hedge_rcv_bin""","""Address","""/home/rus/catkin_ws/src/marvelmind_robotics-ros_marvelmind_package-161ebebacf04/src/hedge_rcv_bin.cpp""","""main""",299,"[/rosout, /hedge_pos_ang, /hedge_pos_a, /hedge_pos, /beacons_pos_a, /hedge_imu_raw,"
1545310684163076491,,7516,,1545310684,161219462,'',4,"""/vicon""","""karton_big occluded, not publishing... ""","""/home/rus/catkin_ws/src/vicon_bridge/src/vicon_bridge.cpp""","""process_subjects""",528,"[/rosout, /diagnostics, /tf, /vicon/markers, /vicon/cf1/cf1, /vicon/obstacle0/obstacle0,"
1545310684164109746,,7517,,1545310684,162371086,'',4,"""/vicon""","""palm occluded, not publishing... ""","""/home/rus/catkin_ws/src/vicon_bridge/src/vicon_bridge.cpp""","""process_subjects""",528,"[/rosout, /diagnostics, /tf, /vicon/markers, /vicon/cf1/cf1, /vicon/obstacle0/obstacle0,"
1545310684246191315,,7518,,1545310684,245348304,'',2,"""/hedge_rcv_bin""","""Address","""/home/rus/catkin_ws/src/marvelmind_robotics-ros_marvelmind_package-161ebebacf04/src/hedge_rcv_bin.cpp""","""main""",299,"[/rosout, /hedge_pos_ang, /hedge_pos_a, /hedge_pos, /beacons_pos_a, /hedge_imu_raw,"
1545310684363894253,,7519,,1545310684,363126827,'',2,"""/hedge_rcv_bin""","""Address","""/home/rus/catkin_ws/src/marvelmind_robotics-ros_marvelmind_package-161ebebacf04/src/hedge_rcv_bin.cpp""","""main""",299,"[/rosout, /hedge_pos_ang, /hedge_pos_a, /hedge_pos, /beacons_pos_a, /hedge_imu_raw,"
1545310684483300809,,7520,,1545310684,481345349,'',2,"""/hedge_rcv_bin""","""Address","""/home/rus/catkin_ws/src/marvelmind_robotics-ros_marvelmind_package-161ebebacf04/src/hedge_rcv_bin.cpp""","""main""",299,"[/rosout, /hedge_pos_ang, /hedge_pos_a, /hedge_pos, /beacons_pos_a, /hedge_imu_raw,"
1545310684596272983,,7521,,1545310684,595204510,'',2,"""/hedge_rcv_bin""","""Stationary beacon","""/home/rus/catkin_ws/src/marvelmind_robotics-ros_marvelmind_package-161ebebacf04/src/hedge_rcv_bin.cpp""","""main""",312,"[/rosout, /hedge_pos_ang, /hedge_pos_a, /hedge_pos, /beacons_pos_a, /hedge_imu_raw,"
1545310684596929114,,7522,,1545310684,595344691,'',2,"""/hedge_rcv_bin""","""Stationary beacon","""/home/rus/catkin_ws/src/marvelmind_robotics-ros_marvelmind_package-161ebebacf04/src/hedge_rcv_bin.cpp""","""main""",312,"[/rosout, /hedge_pos_ang, /hedge_pos_a, /hedge_pos, /beacons_pos_a, /hedge_imu_raw,"
1545310684596969929,,7523,,1545310684,595533186,'',2,"""/hedge_rcv_bin""","""Stationary beacon","""/home/rus/catkin_ws/src/marvelmind_robotics-ros_marvelmind_package-161ebebacf04/src/hedge_rcv_bin.cpp""","""main""",312,"[/rosout, /hedge_pos_ang, /hedge_pos_a, /hedge_pos, /beacons_pos_a, /hedge_imu_raw,"
1545310684600333525,,7524,,1545310684,599188848,'',2,"""/hedge_rcv_bin""","""Address","""/home/rus/catkin_ws/src/marvelmind_robotics-ros_marvelmind_package-161ebebacf04/src/hedge_rcv_bin.cpp""","""main""",299,"[/rosout, /hedge_pos_ang, /hedge_pos_a, /hedge_pos, /beacons_pos_a, /hedge_imu_raw,"
1545310684719451871,,7525,,1545310684,718021842,'',2,"""/hedge_rcv_bin""","""Address","""/home/rus/catkin_ws/src/marvelmind_robotics-ros_marvelmind_package-161ebebacf04/src/hedge_rcv_bin.cpp""","""main""",299,"[/rosout, /hedge_pos_ang, /hedge_pos_a, /hedge_pos, /beacons_pos_a, /hedge_imu_raw,"
1545310684836910805,,7526,,1545310684,836201705,'',2,"""/hedge_rcv_bin""","""Address","""/home/rus/catkin_ws/src/marvelmind_robotics-ros_marvelmind_package-161ebebacf04/src/hedge_rcv_bin.cpp""","""main""",299,"[/rosout, /hedge_pos_ang, /hedge_pos_a, /hedge_pos, /beacons_pos_a, /hedge_imu_raw,"
1545310684955026094,,7527,,1545310684,954202465,'',2,"""/hedge_rcv_bin""","""Address","""/home/rus/catkin_ws/src/marvelmind_robotics-ros_marvelmind_package-161ebebacf04/src/hedge_rcv_bin.cpp""","""main""",299,"[/rosout, /hedge_pos_ang, /hedge_pos_a, /hedge_pos, /beacons_pos_a, /hedge_imu_raw,"
1545310685072884350,,7528,,1545310685,72083551,'',2,"""/hedge_rcv_bin""","""Address","""/home/rus/catkin_ws/src/marvelmind_robotics-ros_marvelmind_package-161ebebacf04/src/hedge_rcv_bin.cpp""","""main""",299,"[/rosout, /hedge_pos_ang, /hedge_pos_a, /hedge_pos, /beacons_pos_a, /hedge_imu_raw,"
1545310685158627348,,7529,,1545310684,162592233,'',4,"""/vicon""","""pololu occluded, not publishing... ""","""/home/rus/catkin_ws/src/vicon_bridge/src/vicon_bridge.cpp""","""process_subjects""",528,"[/rosout, /diagnostics, /tf, /vicon/markers, /vicon/cf1/cf1, /vicon/obstacle0/obstacle0,"
1545310685158650928,,7530,,1545310685,157789764,'',4,"""/vicon""","""karton_big occluded, not publishing... ""","""/home/rus/catkin_ws/src/vicon_bridge/src/vicon_bridge.cpp""","""process_subjects""",528,"[/rosout, /diagnostics, /tf, /vicon/markers, /vicon/cf1/cf1, /vicon/obstacle0/obstacle0,"
1545310685159358622,,7531,,1545310685,158167644,'',4,"""/vicon""","""palm occluded, not publishing... ""","""/home/rus/catkin_ws/src/vicon_bridge/src/vicon_bridge.cpp""","""process_subjects""",528,"[/rosout, /diagnostics, /tf, /vicon/markers, /vicon/cf1/cf1, /vicon/obstacle0/obstacle0,"
1545310685159768300,,7532,,1545310685,158404396,'',4,"""/vicon""","""pololu occluded, not publishing... ""","""/home/rus/catkin_ws/src/vicon_bridge/src/vicon_bridge.cpp""","""process_subjects""",528,"[/rosout, /diagnostics, /tf, /vicon/markers, /vicon/cf1/cf1, /vicon/obstacle0/obstacle0,"
1545310685191267840,,7533,,1545310685,190199462,'',2,"""/hedge_rcv_bin""","""Address","""/home/rus/catkin_ws/src/marvelmind_robotics-ros_marvelmind_package-161ebebacf04/src/hedge_rcv_bin.cpp""","""main""",299,"[/rosout, /hedge_pos_ang, /hedge_pos_a, /hedge_pos, /beacons_pos_a, /hedge_imu_raw,"
1545310685309962121,,7534,,1545310685,308108975,'',2,"""/hedge_rcv_bin""","""Address","""/home/rus/catkin_ws/src/marvelmind_robotics-ros_marvelmind_package-161ebebacf04/src/hedge_rcv_bin.cpp""","""main""",299,"[/rosout, /hedge_pos_ang, /hedge_pos_a, /hedge_pos, /beacons_pos_a, /hedge_imu_raw,"
1545310685428066149,,7535,,1545310685,427155544,'',2,"""/hedge_rcv_bin""","""Address","""/home/rus/catkin_ws/src/marvelmind_robotics-ros_marvelmind_package-161ebebacf04/src/hedge_rcv_bin.cpp""","""main""",299,"[/rosout, /hedge_pos_ang, /hedge_pos_a, /hedge_pos, /beacons_pos_a, /hedge_imu_raw,"
1545310685664233710,,7536,,1545310685,663263018,'',2,"""/hedge_rcv_bin""","""Address","""/home/rus/catkin_ws/src/marvelmind_robotics-ros_marvelmind_package-161ebebacf04/src/hedge_rcv_bin.cpp""","""main""",299,"[/rosout, /hedge_pos_ang, /hedge_pos_a, /hedge_pos, /beacons_pos_a, /hedge_imu_raw,"
1545310685900416993,,7537,,1545310685,899260616,'',2,"""/hedge_rcv_bin""","""Address","""/home/rus/catkin_ws/src/marvelmind_robotics-ros_marvelmind_package-161ebebacf04/src/hedge_rcv_bin.cpp""","""main""",299,"[/rosout, /hedge_pos_ang, /hedge_pos_a, /hedge_pos, /beacons_pos_a, /hedge_imu_raw,"
1545310686019013059,,7538,,1545310686,18224179,'',2,"""/hedge_rcv_bin""","""Address","""/home/rus/catkin_ws/src/marvelmind_robotics-ros_marvelmind_package-161ebebacf04/src/hedge_rcv_bin.cpp""","""main""",299,"[/rosout, /hedge_pos_ang, /hedge_pos_a, /hedge_pos, /beacons_pos_a, /hedge_imu_raw,"
1545310686136934846,,7539,,1545310686,136144200,'',2,"""/hedge_rcv_bin""","""Address","""/home/rus/catkin_ws/src/marvelmind_robotics-ros_marvelmind_package-161ebebacf04/src/hedge_rcv_bin.cpp""","""main""",299,"[/rosout, /hedge_pos_ang, /hedge_pos_a, /hedge_pos, /beacons_pos_a, /hedge_imu_raw,"
1545310686160064124,,7540,,1545310686,159079289,'',4,"""/vicon""","""karton_big occluded, not publishing... ""","""/home/rus/catkin_ws/src/vicon_bridge/src/vicon_bridge.cpp""","""process_subjects""",528,"[/rosout, /diagnostics, /tf, /vicon/markers, /vicon/cf1/cf1, /vicon/obstacle0/obstacle0,"
1545310686161217179,,7541,,1545310686,160440798,'',4,"""/vicon""","""palm occluded, not publishing... ""","""/home/rus/catkin_ws/src/vicon_bridge/src/vicon_bridge.cpp""","""process_subjects""",528,"[/rosout, /diagnostics, /tf, /vicon/markers, /vicon/cf1/cf1, /vicon/obstacle0/obstacle0,"
1545310686161797622,,7542,,1545310686,160694532,'',4,"""/vicon""","""pololu occluded, not publishing... ""","""/home/rus/catkin_ws/src/vicon_bridge/src/vicon_bridge.cpp""","""process_subjects""",528,"[/rosout, /diagnostics, /tf, /vicon/markers, /vicon/cf1/cf1, /vicon/obstacle0/obstacle0,"
1545310686254770355,,7543,,1545310686,254087211,'',2,"""/hedge_rcv_bin""","""Address","""/home/rus/catkin_ws/src/marvelmind_robotics-ros_marvelmind_package-161ebebacf04/src/hedge_rcv_bin.cpp""","""main""",299,"[/rosout, /hedge_pos_ang, /hedge_pos_a, /hedge_pos, /beacons_pos_a, /hedge_imu_raw,"
1545310686372921096,,7544,,1545310686,372129919,'',2,"""/hedge_rcv_bin""","""Address","""/home/rus/catkin_ws/src/marvelmind_robotics-ros_marvelmind_package-161ebebacf04/src/hedge_rcv_bin.cpp""","""main""",299,"[/rosout, /hedge_pos_ang, /hedge_pos_a, /hedge_pos, /beacons_pos_a, /hedge_imu_raw,"
1545310686491554724,,7545,,1545310686,490270341,'',2,"""/hedge_rcv_bin""","""Address","""/home/rus/catkin_ws/src/marvelmind_robotics-ros_marvelmind_package-161ebebacf04/src/hedge_rcv_bin.cpp""","""main""",299,"[/rosout, /hedge_pos_ang, /hedge_pos_a, /hedge_pos, /beacons_pos_a, /hedge_imu_raw,"
1545310686609854699,,7546,,1545310686,609007543,'',2,"""/hedge_rcv_bin""","""Address","""/home/rus/catkin_ws/src/marvelmind_robotics-ros_marvelmind_package-161ebebacf04/src/hedge_rcv_bin.cpp""","""main""",299,"[/rosout, /hedge_pos_ang, /hedge_pos_a, /hedge_pos, /beacons_pos_a, /hedge_imu_raw,"
1545310686729489604,,7547,,1545310686,727497122,'',2,"""/hedge_rcv_bin""","""Address","""/home/rus/catkin_ws/src/marvelmind_robotics-ros_marvelmind_package-161ebebacf04/src/hedge_rcv_bin.cpp""","""main""",299,"[/rosout, /hedge_pos_ang, /hedge_pos_a, /hedge_pos, /beacons_pos_a, /hedge_imu_raw,"
1545310686845980280,,7548,,1545310686,845185640,'',2,"""/hedge_rcv_bin""","""Address","""/home/rus/catkin_ws/src/marvelmind_robotics-ros_marvelmind_package-161ebebacf04/src/hedge_rcv_bin.cpp""","""main""",299,"[/rosout, /hedge_pos_ang, /hedge_pos_a, /hedge_pos, /beacons_pos_a, /hedge_imu_raw,"
1545310686964142453,,7549,,1545310686,963262907,'',2,"""/hedge_rcv_bin""","""Address","""/home/rus/catkin_ws/src/marvelmind_robotics-ros_marvelmind_package-161ebebacf04/src/hedge_rcv_bin.cpp""","""main""",299,"[/rosout, /hedge_pos_ang, /hedge_pos_a, /hedge_pos, /beacons_pos_a, /hedge_imu_raw,"
1545310687082223898,,7550,,1545310687,81300442,'',2,"""/hedge_rcv_bin""","""Address","""/home/rus/catkin_ws/src/marvelmind_robotics-ros_marvelmind_package-161ebebacf04/src/hedge_rcv_bin.cpp""","""main""",299,"[/rosout, /hedge_pos_ang, /hedge_pos_a, /hedge_pos, /beacons_pos_a, /hedge_imu_raw,"
1545310687161668277,,7551,,1545310687,160158404,'',4,"""/vicon""","""karton_big occluded, not publishing... ""","""/home/rus/catkin_ws/src/vicon_bridge/src/vicon_bridge.cpp""","""process_subjects""",528,"[/rosout, /diagnostics, /tf, /vicon/markers, /vicon/cf1/cf1, /vicon/obstacle0/obstacle0,"
1545310687162918596,,7552,,1545310687,161404781,'',4,"""/vicon""","""palm occluded, not publishing... ""","""/home/rus/catkin_ws/src/vicon_bridge/src/vicon_bridge.cpp""","""process_subjects""",528,"[/rosout, /diagnostics, /tf, /vicon/markers, /vicon/cf1/cf1, /vicon/obstacle0/obstacle0,"
1545310687200496205,,7553,,1545310687,199332193,'',2,"""/hedge_rcv_bin""","""Address","""/home/rus/catkin_ws/src/marvelmind_robotics-ros_marvelmind_package-161ebebacf04/src/hedge_rcv_bin.cpp""","""main""",299,"[/rosout, /hedge_pos_ang, /hedge_pos_a, /hedge_pos, /beacons_pos_a, /hedge_imu_raw,"
1545310687319747910,,7554,,1545310687,318222755,'',2,"""/hedge_rcv_bin""","""Address","""/home/rus/catkin_ws/src/marvelmind_robotics-ros_marvelmind_package-161ebebacf04/src/hedge_rcv_bin.cpp""","""main""",299,"[/rosout, /hedge_pos_ang, /hedge_pos_a, /hedge_pos, /beacons_pos_a, /hedge_imu_raw,"
1545310687436661220,,7555,,1545310687,436042460,'',2,"""/hedge_rcv_bin""","""Address","""/home/rus/catkin_ws/src/marvelmind_robotics-ros_marvelmind_package-161ebebacf04/src/hedge_rcv_bin.cpp""","""main""",299,"[/rosout, /hedge_pos_ang, /hedge_pos_a, /hedge_pos, /beacons_pos_a, /hedge_imu_raw,"
1545310687555694091,,7556,,1545310687,554324385,'',2,"""/hedge_rcv_bin""","""Address","""/home/rus/catkin_ws/src/marvelmind_robotics-ros_marvelmind_package-161ebebacf04/src/hedge_rcv_bin.cpp""","""main""",299,"[/rosout, /hedge_pos_ang, /hedge_pos_a, /hedge_pos, /beacons_pos_a, /hedge_imu_raw,"
1545310687673908476,,7557,,1545310687,673113072,'',2,"""/hedge_rcv_bin""","""Address","""/home/rus/catkin_ws/src/marvelmind_robotics-ros_marvelmind_package-161ebebacf04/src/hedge_rcv_bin.cpp""","""main""",299,"[/rosout, /hedge_pos_ang, /hedge_pos_a, /hedge_pos, /beacons_pos_a, /hedge_imu_raw,"
1545310687790935534,,7558,,1545310687,790100967,'',2,"""/hedge_rcv_bin""","""Address","""/home/rus/catkin_ws/src/marvelmind_robotics-ros_marvelmind_package-161ebebacf04/src/hedge_rcv_bin.cpp""","""main""",299,"[/rosout, /hedge_pos_ang, /hedge_pos_a, /hedge_pos, /beacons_pos_a, /hedge_imu_raw,"
1545310687909792013,,7559,,1545310687,908232389,'',2,"""/hedge_rcv_bin""","""Address","""/home/rus/catkin_ws/src/marvelmind_robotics-ros_marvelmind_package-161ebebacf04/src/hedge_rcv_bin.cpp""","""main""",299,"[/rosout, /hedge_pos_ang, /hedge_pos_a, /hedge_pos, /beacons_pos_a, /hedge_imu_raw,"
1545310688027679555,,7560,,1545310688,27044966,'',2,"""/hedge_rcv_bin""","""Address","""/home/rus/catkin_ws/src/marvelmind_robotics-ros_marvelmind_package-161ebebacf04/src/hedge_rcv_bin.cpp""","""main""",299,"[/rosout, /hedge_pos_ang, /hedge_pos_a, /hedge_pos, /beacons_pos_a, /hedge_imu_raw,"
1545310688146037634,,7561,,1545310688,145030879,'',2,"""/hedge_rcv_bin""","""Address","""/home/rus/catkin_ws/src/marvelmind_robotics-ros_marvelmind_package-161ebebacf04/src/hedge_rcv_bin.cpp""","""main""",299,"[/rosout, /hedge_pos_ang, /hedge_pos_a, /hedge_pos, /beacons_pos_a, /hedge_imu_raw,"
1545310688161529890,,7562,,1545310688,160132632,'',4,"""/vicon""","""karton_big occluded, not publishing... ""","""/home/rus/catkin_ws/src/vicon_bridge/src/vicon_bridge.cpp""","""process_subjects""",528,"[/rosout, /diagnostics, /tf, /vicon/markers, /vicon/cf1/cf1, /vicon/obstacle0/obstacle0,"
1545310688162518048,,7563,,1545310688,160537767,'',4,"""/vicon""","""palm occluded, not publishing... ""","""/home/rus/catkin_ws/src/vicon_bridge/src/vicon_bridge.cpp""","""process_subjects""",528,"[/rosout, /diagnostics, /tf, /vicon/markers, /vicon/cf1/cf1, /vicon/obstacle0/obstacle0,"
1545310688264016199,,7564,,1545310688,263209086,'',2,"""/hedge_rcv_bin""","""Address","""/home/rus/catkin_ws/src/marvelmind_robotics-ros_marvelmind_package-161ebebacf04/src/hedge_rcv_bin.cpp""","""main""",299,"[/rosout, /hedge_pos_ang, /hedge_pos_a, /hedge_pos, /beacons_pos_a, /hedge_imu_raw,"
1545310688383553507,,7565,,1545310688,381300362,'',2,"""/hedge_rcv_bin""","""Address","""/home/rus/catkin_ws/src/marvelmind_robotics-ros_marvelmind_package-161ebebacf04/src/hedge_rcv_bin.cpp""","""main""",299,"[/rosout, /hedge_pos_ang, /hedge_pos_a, /hedge_pos, /beacons_pos_a, /hedge_imu_raw,"
1545310688500124542,,7566,,1545310688,499237427,'',2,"""/hedge_rcv_bin""","""Address","""/home/rus/catkin_ws/src/marvelmind_robotics-ros_marvelmind_package-161ebebacf04/src/hedge_rcv_bin.cpp""","""main""",299,"[/rosout, /hedge_pos_ang, /hedge_pos_a, /hedge_pos, /beacons_pos_a, /hedge_imu_raw,"
1545310688618908819,,7567,,1545310688,618089361,'',2,"""/hedge_rcv_bin""","""Address","""/home/rus/catkin_ws/src/marvelmind_robotics-ros_marvelmind_package-161ebebacf04/src/hedge_rcv_bin.cpp""","""main""",299,"[/rosout, /hedge_pos_ang, /hedge_pos_a, /hedge_pos, /beacons_pos_a, /hedge_imu_raw,"
1545310688737955238,,7568,,1545310688,737153305,'',2,"""/hedge_rcv_bin""","""Address","""/home/rus/catkin_ws/src/marvelmind_robotics-ros_marvelmind_package-161ebebacf04/src/hedge_rcv_bin.cpp""","""main""",299,"[/rosout, /hedge_pos_ang, /hedge_pos_a, /hedge_pos, /beacons_pos_a, /hedge_imu_raw,"
1545310688855052683,,7569,,1545310688,854245742,'',2,"""/hedge_rcv_bin""","""Address","""/home/rus/catkin_ws/src/marvelmind_robotics-ros_marvelmind_package-161ebebacf04/src/hedge_rcv_bin.cpp""","""main""",299,"[/rosout, /hedge_pos_ang, /hedge_pos_a, /hedge_pos, /beacons_pos_a, /hedge_imu_raw,"
1545310688973310873,,7570,,1545310688,972352971,'',2,"""/hedge_rcv_bin""","""Address","""/home/rus/catkin_ws/src/marvelmind_robotics-ros_marvelmind_package-161ebebacf04/src/hedge_rcv_bin.cpp""","""main""",299,"[/rosout, /hedge_pos_ang, /hedge_pos_a, /hedge_pos, /beacons_pos_a, /hedge_imu_raw,"
1545310689091147827,,7571,,1545310689,90205694,'',2,"""/hedge_rcv_bin""","""Address","""/home/rus/catkin_ws/src/marvelmind_robotics-ros_marvelmind_package-161ebebacf04/src/hedge_rcv_bin.cpp""","""main""",299,"[/rosout, /hedge_pos_ang, /hedge_pos_a, /hedge_pos, /beacons_pos_a, /hedge_imu_raw,"
1545310689163997032,,7572,,1545310689,162355615,'',4,"""/vicon""","""karton_big occluded, not publishing... ""","""/home/rus/catkin_ws/src/vicon_bridge/src/vicon_bridge.cpp""","""process_subjects""",528,"[/rosout, /diagnostics, /tf, /vicon/markers, /vicon/cf1/cf1, /vicon/obstacle0/obstacle0,"
1545310689164012387,,7573,,1545310689,162850811,'',4,"""/vicon""","""palm occluded, not publishing... ""","""/home/rus/catkin_ws/src/vicon_bridge/src/vicon_bridge.cpp""","""process_subjects""",528,"[/rosout, /diagnostics, /tf, /vicon/markers, /vicon/cf1/cf1, /vicon/obstacle0/obstacle0,"
1545310689211743701,,7574,,1545310689,209220272,'',2,"""/hedge_rcv_bin""","""Address","""/home/rus/catkin_ws/src/marvelmind_robotics-ros_marvelmind_package-161ebebacf04/src/hedge_rcv_bin.cpp""","""main""",299,"[/rosout, /hedge_pos_ang, /hedge_pos_a, /hedge_pos, /beacons_pos_a, /hedge_imu_raw,"
1545310689328597458,,7575,,1545310689,327439856,'',2,"""/hedge_rcv_bin""","""Address","""/home/rus/catkin_ws/src/marvelmind_robotics-ros_marvelmind_package-161ebebacf04/src/hedge_rcv_bin.cpp""","""main""",299,"[/rosout, /hedge_pos_ang, /hedge_pos_a, /hedge_pos, /beacons_pos_a, /hedge_imu_raw,"
1545310689445760529,,7576,,1545310689,445137567,'',2,"""/hedge_rcv_bin""","""Address","""/home/rus/catkin_ws/src/marvelmind_robotics-ros_marvelmind_package-161ebebacf04/src/hedge_rcv_bin.cpp""","""main""",299,"[/rosout, /hedge_pos_ang, /hedge_pos_a, /hedge_pos, /beacons_pos_a, /hedge_imu_raw,"
1545310689564123072,,7577,,1545310689,563318394,'',2,"""/hedge_rcv_bin""","""Address","""/home/rus/catkin_ws/src/marvelmind_robotics-ros_marvelmind_package-161ebebacf04/src/hedge_rcv_bin.cpp""","""main""",299,"[/rosout, /hedge_pos_ang, /hedge_pos_a, /hedge_pos, /beacons_pos_a, /hedge_imu_raw,"
1545310689683086494,,7578,,1545310689,681951916,'',2,"""/hedge_rcv_bin""","""Address","""/home/rus/catkin_ws/src/marvelmind_robotics-ros_marvelmind_package-161ebebacf04/src/hedge_rcv_bin.cpp""","""main""",299,"[/rosout, /hedge_pos_ang, /hedge_pos_a, /hedge_pos, /beacons_pos_a, /hedge_imu_raw,"
1545310689800110191,,7579,,1545310689,799303184,'',2,"""/hedge_rcv_bin""","""Address","""/home/rus/catkin_ws/src/marvelmind_robotics-ros_marvelmind_package-161ebebacf04/src/hedge_rcv_bin.cpp""","""main""",299,"[/rosout, /hedge_pos_ang, /hedge_pos_a, /hedge_pos, /beacons_pos_a, /hedge_imu_raw,"
1545310689919959520,,7580,,1545310689,918556073,'',2,"""/hedge_rcv_bin""","""Address","""/home/rus/catkin_ws/src/marvelmind_robotics-ros_marvelmind_package-161ebebacf04/src/hedge_rcv_bin.cpp""","""main""",299,"[/rosout, /hedge_pos_ang, /hedge_pos_a, /hedge_pos, /beacons_pos_a, /hedge_imu_raw,"
1545310690037252861,,7581,,1545310690,36219667,'',2,"""/hedge_rcv_bin""","""Address","""/home/rus/catkin_ws/src/marvelmind_robotics-ros_marvelmind_package-161ebebacf04/src/hedge_rcv_bin.cpp""","""main""",299,"[/rosout, /hedge_pos_ang, /hedge_pos_a, /hedge_pos, /beacons_pos_a, /hedge_imu_raw,"
1545310690155222531,,7582,,1545310690,154215956,'',2,"""/hedge_rcv_bin""","""Address","""/home/rus/catkin_ws/src/marvelmind_robotics-ros_marvelmind_package-161ebebacf04/src/hedge_rcv_bin.cpp""","""main""",299,"[/rosout, /hedge_pos_ang, /hedge_pos_a, /hedge_pos, /beacons_pos_a, /hedge_imu_raw,"
1545310690163870270,,7583,,1545310690,162723312,'',4,"""/vicon""","""karton_big occluded, not publishing... ""","""/home/rus/catkin_ws/src/vicon_bridge/src/vicon_bridge.cpp""","""process_subjects""",528,"[/rosout, /diagnostics, /tf, /vicon/markers, /vicon/cf1/cf1, /vicon/obstacle0/obstacle0,"
1545310690165007311,,7584,,1545310690,164060723,'',4,"""/vicon""","""palm occluded, not publishing... ""","""/home/rus/catkin_ws/src/vicon_bridge/src/vicon_bridge.cpp""","""process_subjects""",528,"[/rosout, /diagnostics, /tf, /vicon/markers, /vicon/cf1/cf1, /vicon/obstacle0/obstacle0,"
1545310690273266828,,7585,,1545310690,272404062,'',2,"""/hedge_rcv_bin""","""Address","""/home/rus/catkin_ws/src/marvelmind_robotics-ros_marvelmind_package-161ebebacf04/src/hedge_rcv_bin.cpp""","""main""",299,"[/rosout, /hedge_pos_ang, /hedge_pos_a, /hedge_pos, /beacons_pos_a, /hedge_imu_raw,"
1545310690390898313,,7586,,1545310690,390185664,'',2,"""/hedge_rcv_bin""","""Address","""/home/rus/catkin_ws/src/marvelmind_robotics-ros_marvelmind_package-161ebebacf04/src/hedge_rcv_bin.cpp""","""main""",299,"[/rosout, /hedge_pos_ang, /hedge_pos_a, /hedge_pos, /beacons_pos_a, /hedge_imu_raw,"
1545310690510493112,,7587,,1545310690,509293587,'',2,"""/hedge_rcv_bin""","""Address","""/home/rus/catkin_ws/src/marvelmind_robotics-ros_marvelmind_package-161ebebacf04/src/hedge_rcv_bin.cpp""","""main""",299,"[/rosout, /hedge_pos_ang, /hedge_pos_a, /hedge_pos, /beacons_pos_a, /hedge_imu_raw,"
1545310690628266035,,7588,,1545310690,627398350,'',2,"""/hedge_rcv_bin""","""Address","""/home/rus/catkin_ws/src/marvelmind_robotics-ros_marvelmind_package-161ebebacf04/src/hedge_rcv_bin.cpp""","""main""",299,"[/rosout, /hedge_pos_ang, /hedge_pos_a, /hedge_pos, /beacons_pos_a, /hedge_imu_raw,"
1545310690746968315,,7589,,1545310690,746057662,'',2,"""/hedge_rcv_bin""","""Address","""/home/rus/catkin_ws/src/marvelmind_robotics-ros_marvelmind_package-161ebebacf04/src/hedge_rcv_bin.cpp""","""main""",299,"[/rosout, /hedge_pos_ang, /hedge_pos_a, /hedge_pos, /beacons_pos_a, /hedge_imu_raw,"
1545310690864055795,,7590,,1545310690,863136719,'',2,"""/hedge_rcv_bin""","""Address","""/home/rus/catkin_ws/src/marvelmind_robotics-ros_marvelmind_package-161ebebacf04/src/hedge_rcv_bin.cpp""","""main""",299,"[/rosout, /hedge_pos_ang, /hedge_pos_a, /hedge_pos, /beacons_pos_a, /hedge_imu_raw,"
1545310690982578540,,7591,,1545310690,981527813,'',2,"""/hedge_rcv_bin""","""Address","""/home/rus/catkin_ws/src/marvelmind_robotics-ros_marvelmind_package-161ebebacf04/src/hedge_rcv_bin.cpp""","""main""",299,"[/rosout, /hedge_pos_ang, /hedge_pos_a, /hedge_pos, /beacons_pos_a, /hedge_imu_raw,"
1545310691100892691,,7592,,1545310691,100045429,'',2,"""/hedge_rcv_bin""","""Address","""/home/rus/catkin_ws/src/marvelmind_robotics-ros_marvelmind_package-161ebebacf04/src/hedge_rcv_bin.cpp""","""main""",299,"[/rosout, /hedge_pos_ang, /hedge_pos_a, /hedge_pos, /beacons_pos_a, /hedge_imu_raw,"
1545310691161763319,,7593,,1545310691,159399389,'',4,"""/vicon""","""karton_big occluded, not publishing... ""","""/home/rus/catkin_ws/src/vicon_bridge/src/vicon_bridge.cpp""","""process_subjects""",528,"[/rosout, /diagnostics, /tf, /vicon/markers, /vicon/cf1/cf1, /vicon/obstacle0/obstacle0,"
1545310691161790236,,7594,,1545310691,159762228,'',4,"""/vicon""","""palm occluded, not publishing... ""","""/home/rus/catkin_ws/src/vicon_bridge/src/vicon_bridge.cpp""","""process_subjects""",528,"[/rosout, /diagnostics, /tf, /vicon/markers, /vicon/cf1/cf1, /vicon/obstacle0/obstacle0,"
1545310691218933578,,7595,,1545310691,218215549,'',2,"""/hedge_rcv_bin""","""Address","""/home/rus/catkin_ws/src/marvelmind_robotics-ros_marvelmind_package-161ebebacf04/src/hedge_rcv_bin.cpp""","""main""",299,"[/rosout, /hedge_pos_ang, /hedge_pos_a, /hedge_pos, /beacons_pos_a, /hedge_imu_raw,"
1545310691337005991,,7596,,1545310691,336169609,'',2,"""/hedge_rcv_bin""","""Address","""/home/rus/catkin_ws/src/marvelmind_robotics-ros_marvelmind_package-161ebebacf04/src/hedge_rcv_bin.cpp""","""main""",299,"[/rosout, /hedge_pos_ang, /hedge_pos_a, /hedge_pos, /beacons_pos_a, /hedge_imu_raw,"
1545310691573384568,,7597,,1545310691,572315325,'',2,"""/hedge_rcv_bin""","""Address","""/home/rus/catkin_ws/src/marvelmind_robotics-ros_marvelmind_package-161ebebacf04/src/hedge_rcv_bin.cpp""","""main""",299,"[/rosout, /hedge_pos_ang, /hedge_pos_a, /hedge_pos, /beacons_pos_a, /hedge_imu_raw,"
1545310691690772666,,7598,,1545310691,690194856,'',2,"""/hedge_rcv_bin""","""Address","""/home/rus/catkin_ws/src/marvelmind_robotics-ros_marvelmind_package-161ebebacf04/src/hedge_rcv_bin.cpp""","""main""",299,"[/rosout, /hedge_pos_ang, /hedge_pos_a, /hedge_pos, /beacons_pos_a, /hedge_imu_raw,"
1545310691810307631,,7599,,1545310691,809220444,'',2,"""/hedge_rcv_bin""","""Address","""/home/rus/catkin_ws/src/marvelmind_robotics-ros_marvelmind_package-161ebebacf04/src/hedge_rcv_bin.cpp""","""main""",299,"[/rosout, /hedge_pos_ang, /hedge_pos_a, /hedge_pos, /beacons_pos_a, /hedge_imu_raw,"
1545310691929832137,,7600,,1545310691,928228134,'',2,"""/hedge_rcv_bin""","""Address","""/home/rus/catkin_ws/src/marvelmind_robotics-ros_marvelmind_package-161ebebacf04/src/hedge_rcv_bin.cpp""","""main""",299,"[/rosout, /hedge_pos_ang, /hedge_pos_a, /hedge_pos, /beacons_pos_a, /hedge_imu_raw,"
1545310692046445049,,7601,,1545310692,45522294,'',2,"""/hedge_rcv_bin""","""Address","""/home/rus/catkin_ws/src/marvelmind_robotics-ros_marvelmind_package-161ebebacf04/src/hedge_rcv_bin.cpp""","""main""",299,"[/rosout, /hedge_pos_ang, /hedge_pos_a, /hedge_pos, /beacons_pos_a, /hedge_imu_raw,"
1545310692160830762,,7602,,1545310692,159010158,'',4,"""/vicon""","""karton_big occluded, not publishing... ""","""/home/rus/catkin_ws/src/vicon_bridge/src/vicon_bridge.cpp""","""process_subjects""",528,"[/rosout, /diagnostics, /tf, /vicon/markers, /vicon/cf1/cf1, /vicon/obstacle0/obstacle0,"
1545310692160854634,,7603,,1545310692,159402723,'',4,"""/vicon""","""palm occluded, not publishing... ""","""/home/rus/catkin_ws/src/vicon_bridge/src/vicon_bridge.cpp""","""process_subjects""",528,"[/rosout, /diagnostics, /tf, /vicon/markers, /vicon/cf1/cf1, /vicon/obstacle0/obstacle0,"
1545310692163946291,,7604,,1545310692,163279164,'',2,"""/hedge_rcv_bin""","""Address","""/home/rus/catkin_ws/src/marvelmind_robotics-ros_marvelmind_package-161ebebacf04/src/hedge_rcv_bin.cpp""","""main""",299,"[/rosout, /hedge_pos_ang, /hedge_pos_a, /hedge_pos, /beacons_pos_a, /hedge_imu_raw,"
1545310692282016356,,7605,,1545310692,281177627,'',2,"""/hedge_rcv_bin""","""Address","""/home/rus/catkin_ws/src/marvelmind_robotics-ros_marvelmind_package-161ebebacf04/src/hedge_rcv_bin.cpp""","""main""",299,"[/rosout, /hedge_pos_ang, /hedge_pos_a, /hedge_pos, /beacons_pos_a, /hedge_imu_raw,"
1545310692401569549,,7606,,1545310692,400506383,'',2,"""/hedge_rcv_bin""","""Address","""/home/rus/catkin_ws/src/marvelmind_robotics-ros_marvelmind_package-161ebebacf04/src/hedge_rcv_bin.cpp""","""main""",299,"[/rosout, /hedge_pos_ang, /hedge_pos_a, /hedge_pos, /beacons_pos_a, /hedge_imu_raw,"
