rosbagTimestamp,header,seq,stamp,secs,nsecs,frame_id,status,-,level,name,message,hardware_id,values,-,key,value,-,key,value,-,key,value,-,key,value,-,key,value,-,level,name,message,hardware_id,values,-,key,value,-,key,value,-,key,value,-,key,value,-,key,value,-,key,value
1545139157258583695,,15996,,1545139154,544344984,'',,0,"""vicon","""OK""","""none""",,"""latest VICON frame number""","""1677615""","""dropped frames""","""18""","""framecount""","""1608190""","""# markers""","""45""","""# unlabeled markers""","""13""",0,"""vicon","""Desired frequency met""","""none""",,"""Events in window""","""504""","""Events since startup""","""1608181""","""Duration of window (s)""","""5.038553""","""Actual frequency (Hz)""","""100.028727""","""Minimum acceptable frequency (Hz)""","""0.090000""","""Maximum acceptable frequency (Hz)""","""1100.000000"""
1545139157259304444,,15997,,1545139155,544772328,'',,0,"""vicon","""OK""","""none""",,"""latest VICON frame number""","""1677715""","""dropped frames""","""18""","""framecount""","""1608290""","""# markers""","""44""","""# unlabeled markers""","""12""",0,"""vicon","""Desired frequency met""","""none""",,"""Events in window""","""503""","""Events since startup""","""1608281""","""Duration of window (s)""","""5.027228""","""Actual frequency (Hz)""","""100.055142""","""Minimum acceptable frequency (Hz)""","""0.090000""","""Maximum acceptable frequency (Hz)""","""1100.000000"""
1545139157267215502,,15998,,1545139156,545796567,'',,0,"""vicon","""OK""","""none""",,"""latest VICON frame number""","""1677815""","""dropped frames""","""18""","""framecount""","""1608390""","""# markers""","""46""","""# unlabeled markers""","""14""",0,"""vicon","""Desired frequency met""","""none""",,"""Events in window""","""502""","""Events since startup""","""1608381""","""Duration of window (s)""","""5.021756""","""Actual frequency (Hz)""","""99.965035""","""Minimum acceptable frequency (Hz)""","""0.090000""","""Maximum acceptable frequency (Hz)""","""1100.000000"""
1545139157553193248,,15999,,1545139157,545998500,'',,0,"""vicon","""OK""","""none""",,"""latest VICON frame number""","""1677915""","""dropped frames""","""18""","""framecount""","""1608490""","""# markers""","""45""","""# unlabeled markers""","""13""",0,"""vicon","""Desired frequency met""","""none""",,"""Events in window""","""502""","""Events since startup""","""1608481""","""Duration of window (s)""","""5.020209""","""Actual frequency (Hz)""","""99.995834""","""Minimum acceptable frequency (Hz)""","""0.090000""","""Maximum acceptable frequency (Hz)""","""1100.000000"""
1545139158562697938,,16000,,1545139158,555656439,'',,0,"""vicon","""OK""","""none""",,"""latest VICON frame number""","""1678016""","""dropped frames""","""18""","""framecount""","""1608591""","""# markers""","""46""","""# unlabeled markers""","""14""",0,"""vicon","""Desired frequency met""","""none""",,"""Events in window""","""502""","""Events since startup""","""1608582""","""Duration of window (s)""","""5.021446""","""Actual frequency (Hz)""","""99.971200""","""Minimum acceptable frequency (Hz)""","""0.090000""","""Maximum acceptable frequency (Hz)""","""1100.000000"""
1545139159570932852,,16001,,1545139159,563503008,'',,0,"""vicon","""OK""","""none""",,"""latest VICON frame number""","""1678117""","""dropped frames""","""18""","""framecount""","""1608692""","""# markers""","""45""","""# unlabeled markers""","""13""",0,"""vicon","""Desired frequency met""","""none""",,"""Events in window""","""502""","""Events since startup""","""1608683""","""Duration of window (s)""","""5.019171""","""Actual frequency (Hz)""","""100.016511""","""Minimum acceptable frequency (Hz)""","""0.090000""","""Maximum acceptable frequency (Hz)""","""1100.000000"""
1545139160583710191,,16002,,1545139160,564713358,'',,0,"""vicon","""OK""","""none""",,"""latest VICON frame number""","""1678217""","""dropped frames""","""18""","""framecount""","""1608792""","""# markers""","""46""","""# unlabeled markers""","""14""",0,"""vicon","""Desired frequency met""","""none""",,"""Events in window""","""502""","""Events since startup""","""1608783""","""Duration of window (s)""","""5.019941""","""Actual frequency (Hz)""","""100.001172""","""Minimum acceptable frequency (Hz)""","""0.090000""","""Maximum acceptable frequency (Hz)""","""1100.000000"""
1545139161583387692,,16003,,1545139161,574707990,'',,0,"""vicon","""OK""","""none""",,"""latest VICON frame number""","""1678318""","""dropped frames""","""18""","""framecount""","""1608893""","""# markers""","""47""","""# unlabeled markers""","""15""",0,"""vicon","""Desired frequency met""","""none""",,"""Events in window""","""503""","""Events since startup""","""1608884""","""Duration of window (s)""","""5.028912""","""Actual frequency (Hz)""","""100.021643""","""Minimum acceptable frequency (Hz)""","""0.090000""","""Maximum acceptable frequency (Hz)""","""1100.000000"""
1545139162586614507,,16004,,1545139162,582653465,'',,0,"""vicon","""OK""","""none""",,"""latest VICON frame number""","""1678419""","""dropped frames""","""18""","""framecount""","""1608994""","""# markers""","""45""","""# unlabeled markers""","""13""",0,"""vicon","""Desired frequency met""","""none""",,"""Events in window""","""504""","""Events since startup""","""1608985""","""Duration of window (s)""","""5.036653""","""Actual frequency (Hz)""","""100.066454""","""Minimum acceptable frequency (Hz)""","""0.090000""","""Maximum acceptable frequency (Hz)""","""1100.000000"""
1545139163592686491,,16005,,1545139163,585450426,'',,0,"""vicon","""OK""","""none""",,"""latest VICON frame number""","""1678519""","""dropped frames""","""18""","""framecount""","""1609094""","""# markers""","""44""","""# unlabeled markers""","""12""",0,"""vicon","""Desired frequency met""","""none""",,"""Events in window""","""503""","""Events since startup""","""1609085""","""Duration of window (s)""","""5.029790""","""Actual frequency (Hz)""","""100.004177""","""Minimum acceptable frequency (Hz)""","""0.090000""","""Maximum acceptable frequency (Hz)""","""1100.000000"""
1545139164591397312,,16006,,1545139164,585617995,'',,0,"""vicon","""OK""","""none""",,"""latest VICON frame number""","""1678619""","""dropped frames""","""18""","""framecount""","""1609194""","""# markers""","""46""","""# unlabeled markers""","""14""",0,"""vicon","""Desired frequency met""","""none""",,"""Events in window""","""502""","""Events since startup""","""1609185""","""Duration of window (s)""","""5.022115""","""Actual frequency (Hz)""","""99.957885""","""Minimum acceptable frequency (Hz)""","""0.090000""","""Maximum acceptable frequency (Hz)""","""1100.000000"""
1545139165597591052,,16007,,1545139165,593975740,'',,0,"""vicon","""OK""","""none""",,"""latest VICON frame number""","""1678720""","""dropped frames""","""18""","""framecount""","""1609295""","""# markers""","""46""","""# unlabeled markers""","""14""",0,"""vicon","""Desired frequency met""","""none""",,"""Events in window""","""503""","""Events since startup""","""1609286""","""Duration of window (s)""","""5.029262""","""Actual frequency (Hz)""","""100.014682""","""Minimum acceptable frequency (Hz)""","""0.090000""","""Maximum acceptable frequency (Hz)""","""1100.000000"""
1545139166624367237,,16008,,1545139166,603849152,'',,0,"""vicon","""OK""","""none""",,"""latest VICON frame number""","""1678821""","""dropped frames""","""18""","""framecount""","""1609396""","""# markers""","""44""","""# unlabeled markers""","""12""",0,"""vicon","""Desired frequency met""","""none""",,"""Events in window""","""503""","""Events since startup""","""1609387""","""Duration of window (s)""","""5.029122""","""Actual frequency (Hz)""","""100.017456""","""Minimum acceptable frequency (Hz)""","""0.090000""","""Maximum acceptable frequency (Hz)""","""1100.000000"""
1545139167633048384,,16009,,1545139167,604636812,'',,0,"""vicon","""OK""","""none""",,"""latest VICON frame number""","""1678921""","""dropped frames""","""18""","""framecount""","""1609496""","""# markers""","""47""","""# unlabeled markers""","""15""",0,"""vicon","""Desired frequency met""","""none""",,"""Events in window""","""502""","""Events since startup""","""1609487""","""Duration of window (s)""","""5.021983""","""Actual frequency (Hz)""","""99.960504""","""Minimum acceptable frequency (Hz)""","""0.090000""","""Maximum acceptable frequency (Hz)""","""1100.000000"""
1545139168609069828,,16010,,1545139168,605323332,'',,0,"""vicon","""OK""","""none""",,"""latest VICON frame number""","""1679021""","""dropped frames""","""18""","""framecount""","""1609596""","""# markers""","""45""","""# unlabeled markers""","""13""",0,"""vicon","""Desired frequency met""","""none""",,"""Events in window""","""502""","""Events since startup""","""1609587""","""Duration of window (s)""","""5.019877""","""Actual frequency (Hz)""","""100.002459""","""Minimum acceptable frequency (Hz)""","""0.090000""","""Maximum acceptable frequency (Hz)""","""1100.000000"""
1545139169619273888,,16011,,1545139169,614181006,'',,0,"""vicon","""OK""","""none""",,"""latest VICON frame number""","""1679122""","""dropped frames""","""18""","""framecount""","""1609697""","""# markers""","""44""","""# unlabeled markers""","""12""",0,"""vicon","""Desired frequency met""","""none""",,"""Events in window""","""503""","""Events since startup""","""1609688""","""Duration of window (s)""","""5.028564""","""Actual frequency (Hz)""","""100.028563""","""Minimum acceptable frequency (Hz)""","""0.090000""","""Maximum acceptable frequency (Hz)""","""1100.000000"""
1545139170622966359,,16012,,1545139170,615882681,'',,0,"""vicon","""OK""","""none""",,"""latest VICON frame number""","""1679222""","""dropped frames""","""18""","""framecount""","""1609797""","""# markers""","""45""","""# unlabeled markers""","""13""",0,"""vicon","""Desired frequency met""","""none""",,"""Events in window""","""502""","""Events since startup""","""1609788""","""Duration of window (s)""","""5.021901""","""Actual frequency (Hz)""","""99.962137""","""Minimum acceptable frequency (Hz)""","""0.090000""","""Maximum acceptable frequency (Hz)""","""1100.000000"""
1545139171633041230,,16013,,1545139171,624576073,'',,0,"""vicon","""OK""","""none""",,"""latest VICON frame number""","""1679323""","""dropped frames""","""18""","""framecount""","""1609898""","""# markers""","""44""","""# unlabeled markers""","""12""",0,"""vicon","""Desired frequency met""","""none""",,"""Events in window""","""502""","""Events since startup""","""1609889""","""Duration of window (s)""","""5.020746""","""Actual frequency (Hz)""","""99.985142""","""Minimum acceptable frequency (Hz)""","""0.090000""","""Maximum acceptable frequency (Hz)""","""1100.000000"""
1545139172649738778,,16014,,1545139172,635359542,'',,0,"""vicon","""OK""","""none""",,"""latest VICON frame number""","""1679424""","""dropped frames""","""18""","""framecount""","""1609999""","""# markers""","""45""","""# unlabeled markers""","""13""",0,"""vicon","""Desired frequency met""","""none""",,"""Events in window""","""503""","""Events since startup""","""1609990""","""Duration of window (s)""","""5.030704""","""Actual frequency (Hz)""","""99.986014""","""Minimum acceptable frequency (Hz)""","""0.090000""","""Maximum acceptable frequency (Hz)""","""1100.000000"""
1545139173703839188,,16015,,1545139173,635609456,'',,0,"""vicon","""OK""","""none""",,"""latest VICON frame number""","""1679524""","""dropped frames""","""18""","""framecount""","""1610099""","""# markers""","""44""","""# unlabeled markers""","""12""",0,"""vicon","""Desired frequency met""","""none""",,"""Events in window""","""503""","""Events since startup""","""1610090""","""Duration of window (s)""","""5.030286""","""Actual frequency (Hz)""","""99.994313""","""Minimum acceptable frequency (Hz)""","""0.090000""","""Maximum acceptable frequency (Hz)""","""1100.000000"""
1545139174641825631,,16016,,1545139174,636103374,'',,0,"""vicon","""OK""","""none""",,"""latest VICON frame number""","""1679624""","""dropped frames""","""18""","""framecount""","""1610199""","""# markers""","""45""","""# unlabeled markers""","""13""",0,"""vicon","""Desired frequency met""","""none""",,"""Events in window""","""502""","""Events since startup""","""1610190""","""Duration of window (s)""","""5.021917""","""Actual frequency (Hz)""","""99.961828""","""Minimum acceptable frequency (Hz)""","""0.090000""","""Maximum acceptable frequency (Hz)""","""1100.000000"""
1545139175650953023,,16017,,1545139175,644431436,'',,0,"""vicon","""OK""","""none""",,"""latest VICON frame number""","""1679725""","""dropped frames""","""18""","""framecount""","""1610300""","""# markers""","""43""","""# unlabeled markers""","""11""",0,"""vicon","""Desired frequency met""","""none""",,"""Events in window""","""503""","""Events since startup""","""1610291""","""Duration of window (s)""","""5.028554""","""Actual frequency (Hz)""","""100.028752""","""Minimum acceptable frequency (Hz)""","""0.090000""","""Maximum acceptable frequency (Hz)""","""1100.000000"""
1545139176649931200,,16018,,1545139176,646644557,'',,0,"""vicon","""OK""","""none""",,"""latest VICON frame number""","""1679825""","""dropped frames""","""18""","""framecount""","""1610400""","""# markers""","""44""","""# unlabeled markers""","""12""",0,"""vicon","""Desired frequency met""","""none""",,"""Events in window""","""502""","""Events since startup""","""1610391""","""Duration of window (s)""","""5.022069""","""Actual frequency (Hz)""","""99.958811""","""Minimum acceptable frequency (Hz)""","""0.090000""","""Maximum acceptable frequency (Hz)""","""1100.000000"""
1545139177659932591,,16019,,1545139177,657194369,'',,0,"""vicon","""OK""","""none""",,"""latest VICON frame number""","""1679926""","""dropped frames""","""18""","""framecount""","""1610501""","""# markers""","""46""","""# unlabeled markers""","""14""",0,"""vicon","""Desired frequency met""","""none""",,"""Events in window""","""502""","""Events since startup""","""1610492""","""Duration of window (s)""","""5.021855""","""Actual frequency (Hz)""","""99.963068""","""Minimum acceptable frequency (Hz)""","""0.090000""","""Maximum acceptable frequency (Hz)""","""1100.000000"""
1545139178670444459,,16020,,1545139178,662594223,'',,0,"""vicon","""OK""","""none""",,"""latest VICON frame number""","""1680027""","""dropped frames""","""18""","""framecount""","""1610602""","""# markers""","""45""","""# unlabeled markers""","""13""",0,"""vicon","""Desired frequency met""","""none""",,"""Events in window""","""503""","""Events since startup""","""1610593""","""Duration of window (s)""","""5.026985""","""Actual frequency (Hz)""","""100.059967""","""Minimum acceptable frequency (Hz)""","""0.090000""","""Maximum acceptable frequency (Hz)""","""1100.000000"""
1545139179699211181,,16021,,1545139179,665035798,'',,0,"""vicon","""OK""","""none""",,"""latest VICON frame number""","""1680127""","""dropped frames""","""18""","""framecount""","""1610702""","""# markers""","""45""","""# unlabeled markers""","""13""",0,"""vicon","""Desired frequency met""","""none""",,"""Events in window""","""503""","""Events since startup""","""1610693""","""Duration of window (s)""","""5.028937""","""Actual frequency (Hz)""","""100.021136""","""Minimum acceptable frequency (Hz)""","""0.090000""","""Maximum acceptable frequency (Hz)""","""1100.000000"""
1545139180678753517,,16022,,1545139180,667236608,'',,0,"""vicon","""OK""","""none""",,"""latest VICON frame number""","""1680227""","""dropped frames""","""18""","""framecount""","""1610802""","""# markers""","""46""","""# unlabeled markers""","""14""",0,"""vicon","""Desired frequency met""","""none""",,"""Events in window""","""502""","""Events since startup""","""1610793""","""Duration of window (s)""","""5.022806""","""Actual frequency (Hz)""","""99.944139""","""Minimum acceptable frequency (Hz)""","""0.090000""","""Maximum acceptable frequency (Hz)""","""1100.000000"""
1545139181690506561,,16023,,1545139181,675689335,'',,0,"""vicon","""OK""","""none""",,"""latest VICON frame number""","""1680328""","""dropped frames""","""18""","""framecount""","""1610903""","""# markers""","""45""","""# unlabeled markers""","""13""",0,"""vicon","""Desired frequency met""","""none""",,"""Events in window""","""503""","""Events since startup""","""1610894""","""Duration of window (s)""","""5.029038""","""Actual frequency (Hz)""","""100.019119""","""Minimum acceptable frequency (Hz)""","""0.090000""","""Maximum acceptable frequency (Hz)""","""1100.000000"""
1545139182685785526,,16024,,1545139182,675854196,'',,0,"""vicon","""OK""","""none""",,"""latest VICON frame number""","""1680428""","""dropped frames""","""18""","""framecount""","""1611003""","""# markers""","""45""","""# unlabeled markers""","""13""",0,"""vicon","""Desired frequency met""","""none""",,"""Events in window""","""502""","""Events since startup""","""1610994""","""Duration of window (s)""","""5.018659""","""Actual frequency (Hz)""","""100.026721""","""Minimum acceptable frequency (Hz)""","""0.090000""","""Maximum acceptable frequency (Hz)""","""1100.000000"""
1545139183689309512,,16025,,1545139183,684223081,'',,0,"""vicon","""OK""","""none""",,"""latest VICON frame number""","""1680529""","""dropped frames""","""18""","""framecount""","""1611104""","""# markers""","""45""","""# unlabeled markers""","""13""",0,"""vicon","""Desired frequency met""","""none""",,"""Events in window""","""502""","""Events since startup""","""1611095""","""Duration of window (s)""","""5.021628""","""Actual frequency (Hz)""","""99.967589""","""Minimum acceptable frequency (Hz)""","""0.090000""","""Maximum acceptable frequency (Hz)""","""1100.000000"""
1545139184688967346,,16026,,1545139184,685420606,'',,0,"""vicon","""OK""","""none""",,"""latest VICON frame number""","""1680629""","""dropped frames""","""18""","""framecount""","""1611204""","""# markers""","""43""","""# unlabeled markers""","""11""",0,"""vicon","""Desired frequency met""","""none""",,"""Events in window""","""502""","""Events since startup""","""1611195""","""Duration of window (s)""","""5.020384""","""Actual frequency (Hz)""","""99.992347""","""Minimum acceptable frequency (Hz)""","""0.090000""","""Maximum acceptable frequency (Hz)""","""1100.000000"""
1545139185691011770,,16027,,1545139185,687488186,'',,0,"""vicon","""OK""","""none""",,"""latest VICON frame number""","""1680729""","""dropped frames""","""18""","""framecount""","""1611304""","""# markers""","""42""","""# unlabeled markers""","""10""",0,"""vicon","""Desired frequency met""","""none""",,"""Events in window""","""502""","""Events since startup""","""1611295""","""Duration of window (s)""","""5.020252""","""Actual frequency (Hz)""","""99.994979""","""Minimum acceptable frequency (Hz)""","""0.090000""","""Maximum acceptable frequency (Hz)""","""1100.000000"""
1545139186702577099,,16028,,1545139186,693683719,'',,0,"""vicon","""OK""","""none""",,"""latest VICON frame number""","""1680830""","""dropped frames""","""18""","""framecount""","""1611405""","""# markers""","""44""","""# unlabeled markers""","""12""",0,"""vicon","""Desired frequency met""","""none""",,"""Events in window""","""502""","""Events since startup""","""1611396""","""Duration of window (s)""","""5.018001""","""Actual frequency (Hz)""","""100.039834""","""Minimum acceptable frequency (Hz)""","""0.090000""","""Maximum acceptable frequency (Hz)""","""1100.000000"""
1545139187815618277,,16029,,1545139187,694721298,'',,0,"""vicon","""OK""","""none""",,"""latest VICON frame number""","""1680930""","""dropped frames""","""18""","""framecount""","""1611505""","""# markers""","""44""","""# unlabeled markers""","""12""",0,"""vicon","""Desired frequency met""","""none""",,"""Events in window""","""502""","""Events since startup""","""1611496""","""Duration of window (s)""","""5.018867""","""Actual frequency (Hz)""","""100.022566""","""Minimum acceptable frequency (Hz)""","""0.090000""","""Maximum acceptable frequency (Hz)""","""1100.000000"""
1545139188824538955,,16030,,1545139188,695344080,'',,0,"""vicon","""OK""","""none""",,"""latest VICON frame number""","""1681030""","""dropped frames""","""18""","""framecount""","""1611605""","""# markers""","""46""","""# unlabeled markers""","""14""",0,"""vicon","""Desired frequency met""","""none""",,"""Events in window""","""501""","""Events since startup""","""1611596""","""Duration of window (s)""","""5.011102""","""Actual frequency (Hz)""","""99.978014""","""Minimum acceptable frequency (Hz)""","""0.090000""","""Maximum acceptable frequency (Hz)""","""1100.000000"""
1545139189708690564,,16031,,1545139189,703155883,'',,0,"""vicon","""OK""","""none""",,"""latest VICON frame number""","""1681131""","""dropped frames""","""18""","""framecount""","""1611706""","""# markers""","""44""","""# unlabeled markers""","""12""",0,"""vicon","""Desired frequency met""","""none""",,"""Events in window""","""502""","""Events since startup""","""1611697""","""Duration of window (s)""","""5.017736""","""Actual frequency (Hz)""","""100.045115""","""Minimum acceptable frequency (Hz)""","""0.090000""","""Maximum acceptable frequency (Hz)""","""1100.000000"""
1545139190713348954,,16032,,1545139190,705338903,'',,0,"""vicon","""OK""","""none""",,"""latest VICON frame number""","""1681231""","""dropped frames""","""18""","""framecount""","""1611806""","""# markers""","""45""","""# unlabeled markers""","""13""",0,"""vicon","""Desired frequency met""","""none""",,"""Events in window""","""502""","""Events since startup""","""1611797""","""Duration of window (s)""","""5.017850""","""Actual frequency (Hz)""","""100.042853""","""Minimum acceptable frequency (Hz)""","""0.090000""","""Maximum acceptable frequency (Hz)""","""1100.000000"""
1545139191724407225,,16033,,1545139191,715720020,'',,0,"""vicon","""OK""","""none""",,"""latest VICON frame number""","""1681332""","""dropped frames""","""18""","""framecount""","""1611907""","""# markers""","""45""","""# unlabeled markers""","""13""",0,"""vicon","""Desired frequency met""","""none""",,"""Events in window""","""502""","""Events since startup""","""1611898""","""Duration of window (s)""","""5.022031""","""Actual frequency (Hz)""","""99.959558""","""Minimum acceptable frequency (Hz)""","""0.090000""","""Maximum acceptable frequency (Hz)""","""1100.000000"""
1545139192734258564,,16034,,1545139192,716877857,'',,0,"""vicon","""OK""","""none""",,"""latest VICON frame number""","""1681432""","""dropped frames""","""18""","""framecount""","""1612007""","""# markers""","""45""","""# unlabeled markers""","""13""",0,"""vicon","""Desired frequency met""","""none""",,"""Events in window""","""502""","""Events since startup""","""1611998""","""Duration of window (s)""","""5.022157""","""Actual frequency (Hz)""","""99.957053""","""Minimum acceptable frequency (Hz)""","""0.090000""","""Maximum acceptable frequency (Hz)""","""1100.000000"""
1545139193730640889,,16035,,1545139193,724867125,'',,0,"""vicon","""OK""","""none""",,"""latest VICON frame number""","""1681533""","""dropped frames""","""18""","""framecount""","""1612108""","""# markers""","""44""","""# unlabeled markers""","""12""",0,"""vicon","""Desired frequency met""","""none""",,"""Events in window""","""503""","""Events since startup""","""1612099""","""Duration of window (s)""","""5.029543""","""Actual frequency (Hz)""","""100.009089""","""Minimum acceptable frequency (Hz)""","""0.090000""","""Maximum acceptable frequency (Hz)""","""1100.000000"""
1545139194741350614,,16036,,1545139194,735715677,'',,0,"""vicon","""OK""","""none""",,"""latest VICON frame number""","""1681634""","""dropped frames""","""18""","""framecount""","""1612209""","""# markers""","""44""","""# unlabeled markers""","""12""",0,"""vicon","""Desired frequency met""","""none""",,"""Events in window""","""503""","""Events since startup""","""1612200""","""Duration of window (s)""","""5.032560""","""Actual frequency (Hz)""","""99.949136""","""Minimum acceptable frequency (Hz)""","""0.090000""","""Maximum acceptable frequency (Hz)""","""1100.000000"""
1545139195754760612,,16037,,1545139195,744710853,'',,0,"""vicon","""OK""","""none""",,"""latest VICON frame number""","""1681735""","""dropped frames""","""18""","""framecount""","""1612310""","""# markers""","""44""","""# unlabeled markers""","""12""",0,"""vicon","""Desired frequency met""","""none""",,"""Events in window""","""504""","""Events since startup""","""1612301""","""Duration of window (s)""","""5.039372""","""Actual frequency (Hz)""","""100.012454""","""Minimum acceptable frequency (Hz)""","""0.090000""","""Maximum acceptable frequency (Hz)""","""1100.000000"""
1545139196760545800,,16038,,1545139196,755186455,'',,0,"""vicon","""OK""","""none""",,"""latest VICON frame number""","""1681836""","""dropped frames""","""18""","""framecount""","""1612411""","""# markers""","""45""","""# unlabeled markers""","""13""",0,"""vicon","""Desired frequency met""","""none""",,"""Events in window""","""504""","""Events since startup""","""1612402""","""Duration of window (s)""","""5.039448""","""Actual frequency (Hz)""","""100.010956""","""Minimum acceptable frequency (Hz)""","""0.090000""","""Maximum acceptable frequency (Hz)""","""1100.000000"""
1545139197763840230,,16039,,1545139197,756310762,'',,0,"""vicon","""OK""","""none""",,"""latest VICON frame number""","""1681936""","""dropped frames""","""18""","""framecount""","""1612511""","""# markers""","""44""","""# unlabeled markers""","""12""",0,"""vicon","""Desired frequency met""","""none""",,"""Events in window""","""504""","""Events since startup""","""1612502""","""Duration of window (s)""","""5.039404""","""Actual frequency (Hz)""","""100.011826""","""Minimum acceptable frequency (Hz)""","""0.090000""","""Maximum acceptable frequency (Hz)""","""1100.000000"""
1545139198777264491,,16040,,1545139198,756371954,'',,0,"""vicon","""OK""","""none""",,"""latest VICON frame number""","""1682036""","""dropped frames""","""18""","""framecount""","""1612611""","""# markers""","""45""","""# unlabeled markers""","""13""",0,"""vicon","""Desired frequency met""","""none""",,"""Events in window""","""503""","""Events since startup""","""1612602""","""Duration of window (s)""","""5.031505""","""Actual frequency (Hz)""","""99.970087""","""Minimum acceptable frequency (Hz)""","""0.090000""","""Maximum acceptable frequency (Hz)""","""1100.000000"""
1545139199768732680,,16041,,1545139199,765499626,'',,0,"""vicon","""OK""","""none""",,"""latest VICON frame number""","""1682137""","""dropped frames""","""18""","""framecount""","""1612712""","""# markers""","""45""","""# unlabeled markers""","""13""",0,"""vicon","""Desired frequency met""","""none""",,"""Events in window""","""503""","""Events since startup""","""1612703""","""Duration of window (s)""","""5.029783""","""Actual frequency (Hz)""","""100.004313""","""Minimum acceptable frequency (Hz)""","""0.090000""","""Maximum acceptable frequency (Hz)""","""1100.000000"""
1545139200778120695,,16042,,1545139200,773835030,'',,0,"""vicon","""OK""","""none""",,"""latest VICON frame number""","""1682238""","""dropped frames""","""18""","""framecount""","""1612813""","""# markers""","""44""","""# unlabeled markers""","""12""",0,"""vicon","""Desired frequency met""","""none""",,"""Events in window""","""503""","""Events since startup""","""1612804""","""Duration of window (s)""","""5.029107""","""Actual frequency (Hz)""","""100.017755""","""Minimum acceptable frequency (Hz)""","""0.090000""","""Maximum acceptable frequency (Hz)""","""1100.000000"""
1545139201777786189,,16043,,1545139201,774942616,'',,0,"""vicon","""OK""","""none""",,"""latest VICON frame number""","""1682338""","""dropped frames""","""18""","""framecount""","""1612913""","""# markers""","""46""","""# unlabeled markers""","""14""",0,"""vicon","""Desired frequency met""","""none""",,"""Events in window""","""502""","""Events since startup""","""1612904""","""Duration of window (s)""","""5.019769""","""Actual frequency (Hz)""","""100.004608""","""Minimum acceptable frequency (Hz)""","""0.090000""","""Maximum acceptable frequency (Hz)""","""1100.000000"""
1545139202779168482,,16044,,1545139202,776123027,'',,0,"""vicon","""OK""","""none""",,"""latest VICON frame number""","""1682438""","""dropped frames""","""18""","""framecount""","""1613013""","""# markers""","""45""","""# unlabeled markers""","""13""",0,"""vicon","""Desired frequency met""","""none""",,"""Events in window""","""502""","""Events since startup""","""1613004""","""Duration of window (s)""","""5.019836""","""Actual frequency (Hz)""","""100.003266""","""Minimum acceptable frequency (Hz)""","""0.090000""","""Maximum acceptable frequency (Hz)""","""1100.000000"""
1545139203793199254,,16045,,1545139203,785707542,'',,0,"""vicon","""OK""","""none""",,"""latest VICON frame number""","""1682539""","""dropped frames""","""18""","""framecount""","""1613114""","""# markers""","""45""","""# unlabeled markers""","""13""",0,"""vicon","""Desired frequency met""","""none""",,"""Events in window""","""503""","""Events since startup""","""1613105""","""Duration of window (s)""","""5.029330""","""Actual frequency (Hz)""","""100.013320""","""Minimum acceptable frequency (Hz)""","""0.090000""","""Maximum acceptable frequency (Hz)""","""1100.000000"""
1545139204811563300,,16046,,1545139204,795477196,'',,0,"""vicon","""OK""","""none""",,"""latest VICON frame number""","""1682640""","""dropped frames""","""18""","""framecount""","""1613215""","""# markers""","""44""","""# unlabeled markers""","""12""",0,"""vicon","""Desired frequency met""","""none""",,"""Events in window""","""503""","""Events since startup""","""1613206""","""Duration of window (s)""","""5.029973""","""Actual frequency (Hz)""","""100.000546""","""Minimum acceptable frequency (Hz)""","""0.090000""","""Maximum acceptable frequency (Hz)""","""1100.000000"""
1545139205809231607,,16047,,1545139205,805020038,'',,0,"""vicon","""OK""","""none""",,"""latest VICON frame number""","""1682741""","""dropped frames""","""18""","""framecount""","""1613316""","""# markers""","""44""","""# unlabeled markers""","""12""",0,"""vicon","""Desired frequency met""","""none""",,"""Events in window""","""503""","""Events since startup""","""1613307""","""Duration of window (s)""","""5.031202""","""Actual frequency (Hz)""","""99.976101""","""Minimum acceptable frequency (Hz)""","""0.090000""","""Maximum acceptable frequency (Hz)""","""1100.000000"""
1545139206817540940,,16048,,1545139206,814544413,'',,0,"""vicon","""OK""","""none""",,"""latest VICON frame number""","""1682842""","""dropped frames""","""18""","""framecount""","""1613417""","""# markers""","""45""","""# unlabeled markers""","""13""",0,"""vicon","""Desired frequency met""","""none""",,"""Events in window""","""504""","""Events since startup""","""1613408""","""Duration of window (s)""","""5.039613""","""Actual frequency (Hz)""","""100.007681""","""Minimum acceptable frequency (Hz)""","""0.090000""","""Maximum acceptable frequency (Hz)""","""1100.000000"""
1545139207824803968,,16049,,1545139207,814756412,'',,0,"""vicon","""OK""","""none""",,"""latest VICON frame number""","""1682942""","""dropped frames""","""18""","""framecount""","""1613517""","""# markers""","""44""","""# unlabeled markers""","""12""",0,"""vicon","""Desired frequency met""","""none""",,"""Events in window""","""504""","""Events since startup""","""1613508""","""Duration of window (s)""","""5.038638""","""Actual frequency (Hz)""","""100.027026""","""Minimum acceptable frequency (Hz)""","""0.090000""","""Maximum acceptable frequency (Hz)""","""1100.000000"""
1545139208847738934,,16050,,1545139208,825163583,'',,0,"""vicon","""OK""","""none""",,"""latest VICON frame number""","""1683043""","""dropped frames""","""18""","""framecount""","""1613618""","""# markers""","""45""","""# unlabeled markers""","""13""",0,"""vicon","""Desired frequency met""","""none""",,"""Events in window""","""504""","""Events since startup""","""1613609""","""Duration of window (s)""","""5.039455""","""Actual frequency (Hz)""","""100.010816""","""Minimum acceptable frequency (Hz)""","""0.090000""","""Maximum acceptable frequency (Hz)""","""1100.000000"""
1545139209927549750,,16051,,1545139209,833755467,'',,0,"""vicon","""OK""","""none""",,"""latest VICON frame number""","""1683144""","""dropped frames""","""18""","""framecount""","""1613719""","""# markers""","""44""","""# unlabeled markers""","""12""",0,"""vicon","""Desired frequency met""","""none""",,"""Events in window""","""504""","""Events since startup""","""1613710""","""Duration of window (s)""","""5.038283""","""Actual frequency (Hz)""","""100.034069""","""Minimum acceptable frequency (Hz)""","""0.090000""","""Maximum acceptable frequency (Hz)""","""1100.000000"""
1545139210847097532,,16052,,1545139210,834151329,'',,0,"""vicon","""OK""","""none""",,"""latest VICON frame number""","""1683244""","""dropped frames""","""18""","""framecount""","""1613819""","""# markers""","""45""","""# unlabeled markers""","""13""",0,"""vicon","""Desired frequency met""","""none""",,"""Events in window""","""503""","""Events since startup""","""1613810""","""Duration of window (s)""","""5.029131""","""Actual frequency (Hz)""","""100.017285""","""Minimum acceptable frequency (Hz)""","""0.090000""","""Maximum acceptable frequency (Hz)""","""1100.000000"""
1545139211845384193,,16053,,1545139211,835556198,'',,0,"""vicon","""OK""","""none""",,"""latest VICON frame number""","""1683344""","""dropped frames""","""18""","""framecount""","""1613919""","""# markers""","""44""","""# unlabeled markers""","""12""",0,"""vicon","""Desired frequency met""","""none""",,"""Events in window""","""502""","""Events since startup""","""1613910""","""Duration of window (s)""","""5.021012""","""Actual frequency (Hz)""","""99.979839""","""Minimum acceptable frequency (Hz)""","""0.090000""","""Maximum acceptable frequency (Hz)""","""1100.000000"""
1545139212841276494,,16054,,1545139212,835860219,'',,0,"""vicon","""OK""","""none""",,"""latest VICON frame number""","""1683444""","""dropped frames""","""18""","""framecount""","""1614019""","""# markers""","""45""","""# unlabeled markers""","""13""",0,"""vicon","""Desired frequency met""","""none""",,"""Events in window""","""502""","""Events since startup""","""1614010""","""Duration of window (s)""","""5.021104""","""Actual frequency (Hz)""","""99.978019""","""Minimum acceptable frequency (Hz)""","""0.090000""","""Maximum acceptable frequency (Hz)""","""1100.000000"""
1545139213848555439,,16055,,1545139213,844425540,'',,0,"""vicon","""OK""","""none""",,"""latest VICON frame number""","""1683545""","""dropped frames""","""18""","""framecount""","""1614120""","""# markers""","""46""","""# unlabeled markers""","""14""",0,"""vicon","""Desired frequency met""","""none""",,"""Events in window""","""502""","""Events since startup""","""1614111""","""Duration of window (s)""","""5.019268""","""Actual frequency (Hz)""","""100.014583""","""Minimum acceptable frequency (Hz)""","""0.090000""","""Maximum acceptable frequency (Hz)""","""1100.000000"""
1545139214971681767,,16056,,1545139214,853256884,'',,0,"""vicon","""OK""","""none""",,"""latest VICON frame number""","""1683646""","""dropped frames""","""18""","""framecount""","""1614221""","""# markers""","""45""","""# unlabeled markers""","""13""",0,"""vicon","""Desired frequency met""","""none""",,"""Events in window""","""502""","""Events since startup""","""1614212""","""Duration of window (s)""","""5.019501""","""Actual frequency (Hz)""","""100.009935""","""Minimum acceptable frequency (Hz)""","""0.090000""","""Maximum acceptable frequency (Hz)""","""1100.000000"""
1545139215908044381,,16057,,1545139215,854858530,'',,0,"""vicon","""OK""","""none""",,"""latest VICON frame number""","""1683746""","""dropped frames""","""18""","""framecount""","""1614321""","""# markers""","""44""","""# unlabeled markers""","""12""",0,"""vicon","""Desired frequency met""","""none""",,"""Events in window""","""502""","""Events since startup""","""1614312""","""Duration of window (s)""","""5.020707""","""Actual frequency (Hz)""","""99.985916""","""Minimum acceptable frequency (Hz)""","""0.090000""","""Maximum acceptable frequency (Hz)""","""1100.000000"""
1545139216860066726,,16058,,1545139216,856781794,'',,0,"""vicon","""OK""","""none""",,"""latest VICON frame number""","""1683846""","""dropped frames""","""18""","""framecount""","""1614421""","""# markers""","""45""","""# unlabeled markers""","""13""",0,"""vicon","""Desired frequency met""","""none""",,"""Events in window""","""502""","""Events since startup""","""1614412""","""Duration of window (s)""","""5.021225""","""Actual frequency (Hz)""","""99.975609""","""Minimum acceptable frequency (Hz)""","""0.090000""","""Maximum acceptable frequency (Hz)""","""1100.000000"""
1545139217928625522,,16059,,1545139217,864349500,'',,0,"""vicon","""OK""","""none""",,"""latest VICON frame number""","""1683947""","""dropped frames""","""18""","""framecount""","""1614522""","""# markers""","""46""","""# unlabeled markers""","""14""",0,"""vicon","""Desired frequency met""","""none""",,"""Events in window""","""503""","""Events since startup""","""1614513""","""Duration of window (s)""","""5.028489""","""Actual frequency (Hz)""","""100.030042""","""Minimum acceptable frequency (Hz)""","""0.090000""","""Maximum acceptable frequency (Hz)""","""1100.000000"""
1545139218876597384,,16060,,1545139218,872670779,'',,0,"""vicon","""OK""","""none""",,"""latest VICON frame number""","""1684048""","""dropped frames""","""18""","""framecount""","""1614623""","""# markers""","""47""","""# unlabeled markers""","""15""",0,"""vicon","""Desired frequency met""","""none""",,"""Events in window""","""503""","""Events since startup""","""1614614""","""Duration of window (s)""","""5.028246""","""Actual frequency (Hz)""","""100.034891""","""Minimum acceptable frequency (Hz)""","""0.090000""","""Maximum acceptable frequency (Hz)""","""1100.000000"""
1545139219878775108,,16061,,1545139219,875911333,'',,0,"""vicon","""OK""","""none""",,"""latest VICON frame number""","""1684148""","""dropped frames""","""18""","""framecount""","""1614723""","""# markers""","""46""","""# unlabeled markers""","""14""",0,"""vicon","""Desired frequency met""","""none""",,"""Events in window""","""502""","""Events since startup""","""1614714""","""Duration of window (s)""","""5.022655""","""Actual frequency (Hz)""","""99.947141""","""Minimum acceptable frequency (Hz)""","""0.090000""","""Maximum acceptable frequency (Hz)""","""1100.000000"""
1545139220888069316,,16062,,1545139220,883664712,'',,0,"""vicon","""OK""","""none""",,"""latest VICON frame number""","""1684249""","""dropped frames""","""18""","""framecount""","""1614824""","""# markers""","""46""","""# unlabeled markers""","""14""",0,"""vicon","""Desired frequency met""","""none""",,"""Events in window""","""503""","""Events since startup""","""1614815""","""Duration of window (s)""","""5.028806""","""Actual frequency (Hz)""","""100.023750""","""Minimum acceptable frequency (Hz)""","""0.090000""","""Maximum acceptable frequency (Hz)""","""1100.000000"""
1545139221891115011,,16063,,1545139221,883933663,'',,0,"""vicon","""OK""","""none""",,"""latest VICON frame number""","""1684349""","""dropped frames""","""18""","""framecount""","""1614924""","""# markers""","""45""","""# unlabeled markers""","""13""",0,"""vicon","""Desired frequency met""","""none""",,"""Events in window""","""503""","""Events since startup""","""1614915""","""Duration of window (s)""","""5.027132""","""Actual frequency (Hz)""","""100.057041""","""Minimum acceptable frequency (Hz)""","""0.090000""","""Maximum acceptable frequency (Hz)""","""1100.000000"""
1545139222889925015,,16064,,1545139222,884410431,'',,0,"""vicon","""OK""","""none""",,"""latest VICON frame number""","""1684449""","""dropped frames""","""18""","""framecount""","""1615024""","""# markers""","""45""","""# unlabeled markers""","""13""",0,"""vicon","""Desired frequency met""","""none""",,"""Events in window""","""502""","""Events since startup""","""1615015""","""Duration of window (s)""","""5.020061""","""Actual frequency (Hz)""","""99.998794""","""Minimum acceptable frequency (Hz)""","""0.090000""","""Maximum acceptable frequency (Hz)""","""1100.000000"""
1545139223890271366,,16065,,1545139223,885385358,'',,0,"""vicon","""OK""","""none""",,"""latest VICON frame number""","""1684549""","""dropped frames""","""18""","""framecount""","""1615124""","""# markers""","""46""","""# unlabeled markers""","""14""",0,"""vicon","""Desired frequency met""","""none""",,"""Events in window""","""501""","""Events since startup""","""1615115""","""Duration of window (s)""","""5.012714""","""Actual frequency (Hz)""","""99.945854""","""Minimum acceptable frequency (Hz)""","""0.090000""","""Maximum acceptable frequency (Hz)""","""1100.000000"""
1545139224897846496,,16066,,1545139224,895108746,'',,0,"""vicon","""OK""","""none""",,"""latest VICON frame number""","""1684650""","""dropped frames""","""18""","""framecount""","""1615225""","""# markers""","""45""","""# unlabeled markers""","""13""",0,"""vicon","""Desired frequency met""","""none""",,"""Events in window""","""502""","""Events since startup""","""1615216""","""Duration of window (s)""","""5.019197""","""Actual frequency (Hz)""","""100.016006""","""Minimum acceptable frequency (Hz)""","""0.090000""","""Maximum acceptable frequency (Hz)""","""1100.000000"""
1545139226150165829,,16067,,1545139225,895610735,'',,0,"""vicon","""OK""","""none""",,"""latest VICON frame number""","""1684750""","""dropped frames""","""18""","""framecount""","""1615325""","""# markers""","""45""","""# unlabeled markers""","""13""",0,"""vicon","""Desired frequency met""","""none""",,"""Events in window""","""501""","""Events since startup""","""1615316""","""Duration of window (s)""","""5.011947""","""Actual frequency (Hz)""","""99.961162""","""Minimum acceptable frequency (Hz)""","""0.090000""","""Maximum acceptable frequency (Hz)""","""1100.000000"""
1545139227195135732,,16068,,1545139226,904530477,'',,0,"""vicon","""OK""","""none""",,"""latest VICON frame number""","""1684851""","""dropped frames""","""18""","""framecount""","""1615426""","""# markers""","""46""","""# unlabeled markers""","""14""",0,"""vicon","""Desired frequency met""","""none""",,"""Events in window""","""502""","""Events since startup""","""1615417""","""Duration of window (s)""","""5.020613""","""Actual frequency (Hz)""","""99.987786""","""Minimum acceptable frequency (Hz)""","""0.090000""","""Maximum acceptable frequency (Hz)""","""1100.000000"""
1545139228125939271,,16069,,1545139227,904599041,'',,0,"""vicon","""OK""","""none""",,"""latest VICON frame number""","""1684951""","""dropped frames""","""18""","""framecount""","""1615526""","""# markers""","""44""","""# unlabeled markers""","""12""",0,"""vicon","""Desired frequency met""","""none""",,"""Events in window""","""502""","""Events since startup""","""1615517""","""Duration of window (s)""","""5.020184""","""Actual frequency (Hz)""","""99.996339""","""Minimum acceptable frequency (Hz)""","""0.090000""","""Maximum acceptable frequency (Hz)""","""1100.000000"""
1545139228989109492,,16070,,1545139228,916268936,'',,0,"""vicon","""OK""","""none""",,"""latest VICON frame number""","""1685052""","""dropped frames""","""18""","""framecount""","""1615627""","""# markers""","""45""","""# unlabeled markers""","""13""",0,"""vicon","""Desired frequency met""","""none""",,"""Events in window""","""503""","""Events since startup""","""1615618""","""Duration of window (s)""","""5.030883""","""Actual frequency (Hz)""","""99.982454""","""Minimum acceptable frequency (Hz)""","""0.090000""","""Maximum acceptable frequency (Hz)""","""1100.000000"""
1545139230142987269,,16071,,1545139229,923497035,'',,0,"""vicon","""OK""","""none""",,"""latest VICON frame number""","""1685153""","""dropped frames""","""18""","""framecount""","""1615728""","""# markers""","""45""","""# unlabeled markers""","""13""",0,"""vicon","""Desired frequency met""","""none""",,"""Events in window""","""503""","""Events since startup""","""1615719""","""Duration of window (s)""","""5.028383""","""Actual frequency (Hz)""","""100.032165""","""Minimum acceptable frequency (Hz)""","""0.090000""","""Maximum acceptable frequency (Hz)""","""1100.000000"""
1545139230939027875,,16072,,1545139230,925141184,'',,0,"""vicon","""OK""","""none""",,"""latest VICON frame number""","""1685253""","""dropped frames""","""18""","""framecount""","""1615828""","""# markers""","""45""","""# unlabeled markers""","""13""",0,"""vicon","""Desired frequency met""","""none""",,"""Events in window""","""503""","""Events since startup""","""1615819""","""Duration of window (s)""","""5.029531""","""Actual frequency (Hz)""","""100.009320""","""Minimum acceptable frequency (Hz)""","""0.090000""","""Maximum acceptable frequency (Hz)""","""1100.000000"""
1545139231949366437,,16073,,1545139231,925583706,'',,0,"""vicon","""OK""","""none""",,"""latest VICON frame number""","""1685353""","""dropped frames""","""18""","""framecount""","""1615928""","""# markers""","""45""","""# unlabeled markers""","""13""",0,"""vicon","""Desired frequency met""","""none""",,"""Events in window""","""502""","""Events since startup""","""1615919""","""Duration of window (s)""","""5.021058""","""Actual frequency (Hz)""","""99.978925""","""Minimum acceptable frequency (Hz)""","""0.090000""","""Maximum acceptable frequency (Hz)""","""1100.000000"""
1545139232938882672,,16074,,1545139232,934705924,'',,0,"""vicon","""OK""","""none""",,"""latest VICON frame number""","""1685454""","""dropped frames""","""18""","""framecount""","""1616029""","""# markers""","""45""","""# unlabeled markers""","""13""",0,"""vicon","""Desired frequency met""","""none""",,"""Events in window""","""503""","""Events since startup""","""1616020""","""Duration of window (s)""","""5.030106""","""Actual frequency (Hz)""","""99.997893""","""Minimum acceptable frequency (Hz)""","""0.090000""","""Maximum acceptable frequency (Hz)""","""1100.000000"""
1545139233938905502,,16075,,1545139233,935544398,'',,0,"""vicon","""OK""","""none""",,"""latest VICON frame number""","""1685554""","""dropped frames""","""18""","""framecount""","""1616129""","""# markers""","""43""","""# unlabeled markers""","""11""",0,"""vicon","""Desired frequency met""","""none""",,"""Events in window""","""502""","""Events since startup""","""1616120""","""Duration of window (s)""","""5.019276""","""Actual frequency (Hz)""","""100.014424""","""Minimum acceptable frequency (Hz)""","""0.090000""","""Maximum acceptable frequency (Hz)""","""1100.000000"""
1545139234965759866,,16076,,1545139234,937499455,'',,0,"""vicon","""OK""","""none""",,"""latest VICON frame number""","""1685654""","""dropped frames""","""18""","""framecount""","""1616229""","""# markers""","""45""","""# unlabeled markers""","""13""",0,"""vicon","""Desired frequency met""","""none""",,"""Events in window""","""501""","""Events since startup""","""1616220""","""Duration of window (s)""","""5.014009""","""Actual frequency (Hz)""","""99.920039""","""Minimum acceptable frequency (Hz)""","""0.090000""","""Maximum acceptable frequency (Hz)""","""1100.000000"""
1545139235947207818,,16077,,1545139235,942982044,'',,0,"""vicon","""OK""","""none""",,"""latest VICON frame number""","""1685755""","""dropped frames""","""18""","""framecount""","""1616330""","""# markers""","""45""","""# unlabeled markers""","""13""",0,"""vicon","""Desired frequency met""","""none""",,"""Events in window""","""502""","""Events since startup""","""1616321""","""Duration of window (s)""","""5.017839""","""Actual frequency (Hz)""","""100.043069""","""Minimum acceptable frequency (Hz)""","""0.090000""","""Maximum acceptable frequency (Hz)""","""1100.000000"""
1545139236954907188,,16078,,1545139236,945982038,'',,0,"""vicon","""OK""","""none""",,"""latest VICON frame number""","""1685855""","""dropped frames""","""18""","""framecount""","""1616430""","""# markers""","""47""","""# unlabeled markers""","""15""",0,"""vicon","""Desired frequency met""","""none""",,"""Events in window""","""502""","""Events since startup""","""1616421""","""Duration of window (s)""","""5.020397""","""Actual frequency (Hz)""","""99.992100""","""Minimum acceptable frequency (Hz)""","""0.090000""","""Maximum acceptable frequency (Hz)""","""1100.000000"""
1545139237962477083,,16079,,1545139237,955500415,'',,0,"""vicon","""OK""","""none""",,"""latest VICON frame number""","""1685956""","""dropped frames""","""18""","""framecount""","""1616531""","""# markers""","""46""","""# unlabeled markers""","""14""",0,"""vicon","""Desired frequency met""","""none""",,"""Events in window""","""502""","""Events since startup""","""1616522""","""Duration of window (s)""","""5.020800""","""Actual frequency (Hz)""","""99.984057""","""Minimum acceptable frequency (Hz)""","""0.090000""","""Maximum acceptable frequency (Hz)""","""1100.000000"""
1545139238966393587,,16080,,1545139238,963102104,'',,0,"""vicon","""OK""","""none""",,"""latest VICON frame number""","""1686057""","""dropped frames""","""18""","""framecount""","""1616632""","""# markers""","""46""","""# unlabeled markers""","""14""",0,"""vicon","""Desired frequency met""","""none""",,"""Events in window""","""503""","""Events since startup""","""1616623""","""Duration of window (s)""","""5.027558""","""Actual frequency (Hz)""","""100.048571""","""Minimum acceptable frequency (Hz)""","""0.090000""","""Maximum acceptable frequency (Hz)""","""1100.000000"""
1545139239985504206,,16081,,1545139239,965524536,'',,0,"""vicon","""OK""","""none""",,"""latest VICON frame number""","""1686157""","""dropped frames""","""18""","""framecount""","""1616732""","""# markers""","""45""","""# unlabeled markers""","""13""",0,"""vicon","""Desired frequency met""","""none""",,"""Events in window""","""503""","""Events since startup""","""1616723""","""Duration of window (s)""","""5.028023""","""Actual frequency (Hz)""","""100.039310""","""Minimum acceptable frequency (Hz)""","""0.090000""","""Maximum acceptable frequency (Hz)""","""1100.000000"""
1545139240982144873,,16082,,1545139240,974140603,'',,0,"""vicon","""OK""","""none""",,"""latest VICON frame number""","""1686258""","""dropped frames""","""18""","""framecount""","""1616833""","""# markers""","""44""","""# unlabeled markers""","""12""",0,"""vicon","""Desired frequency met""","""none""",,"""Events in window""","""503""","""Events since startup""","""1616824""","""Duration of window (s)""","""5.031160""","""Actual frequency (Hz)""","""99.976946""","""Minimum acceptable frequency (Hz)""","""0.090000""","""Maximum acceptable frequency (Hz)""","""1100.000000"""
1545139241980651369,,16083,,1545139241,974425873,'',,0,"""vicon","""OK""","""none""",,"""latest VICON frame number""","""1686358""","""dropped frames""","""18""","""framecount""","""1616933""","""# markers""","""45""","""# unlabeled markers""","""13""",0,"""vicon","""Desired frequency met""","""none""",,"""Events in window""","""503""","""Events since startup""","""1616924""","""Duration of window (s)""","""5.028445""","""Actual frequency (Hz)""","""100.030926""","""Minimum acceptable frequency (Hz)""","""0.090000""","""Maximum acceptable frequency (Hz)""","""1100.000000"""
1545139243022160691,,16084,,1545139242,985212840,'',,0,"""vicon","""OK""","""none""",,"""latest VICON frame number""","""1686459""","""dropped frames""","""18""","""framecount""","""1617034""","""# markers""","""45""","""# unlabeled markers""","""13""",0,"""vicon","""Desired frequency met""","""none""",,"""Events in window""","""503""","""Events since startup""","""1617025""","""Duration of window (s)""","""5.029712""","""Actual frequency (Hz)""","""100.005727""","""Minimum acceptable frequency (Hz)""","""0.090000""","""Maximum acceptable frequency (Hz)""","""1100.000000"""
1545139244001065065,,16085,,1545139243,994958117,'',,0,"""vicon","""OK""","""none""",,"""latest VICON frame number""","""1686560""","""dropped frames""","""18""","""framecount""","""1617135""","""# markers""","""44""","""# unlabeled markers""","""12""",0,"""vicon","""Desired frequency met""","""none""",,"""Events in window""","""503""","""Events since startup""","""1617126""","""Duration of window (s)""","""5.031856""","""Actual frequency (Hz)""","""99.963113""","""Minimum acceptable frequency (Hz)""","""0.090000""","""Maximum acceptable frequency (Hz)""","""1100.000000"""
1545139245009665487,,16086,,1545139245,3735414,'',,0,"""vicon","""OK""","""none""",,"""latest VICON frame number""","""1686661""","""dropped frames""","""18""","""framecount""","""1617236""","""# markers""","""44""","""# unlabeled markers""","""12""",0,"""vicon","""Desired frequency met""","""none""",,"""Events in window""","""504""","""Events since startup""","""1617227""","""Duration of window (s)""","""5.038256""","""Actual frequency (Hz)""","""100.034611""","""Minimum acceptable frequency (Hz)""","""0.090000""","""Maximum acceptable frequency (Hz)""","""1100.000000"""
1545139246016622093,,16087,,1545139246,12052623,'',,0,"""vicon","""OK""","""none""",,"""latest VICON frame number""","""1686762""","""dropped frames""","""18""","""framecount""","""1617337""","""# markers""","""43""","""# unlabeled markers""","""11""",0,"""vicon","""Desired frequency met""","""none""",,"""Events in window""","""504""","""Events since startup""","""1617328""","""Duration of window (s)""","""5.037909""","""Actual frequency (Hz)""","""100.041506""","""Minimum acceptable frequency (Hz)""","""0.090000""","""Maximum acceptable frequency (Hz)""","""1100.000000"""
1545139247019814562,,16088,,1545139247,13790473,'',,0,"""vicon","""OK""","""none""",,"""latest VICON frame number""","""1686862""","""dropped frames""","""18""","""framecount""","""1617437""","""# markers""","""44""","""# unlabeled markers""","""12""",0,"""vicon","""Desired frequency met""","""none""",,"""Events in window""","""504""","""Events since startup""","""1617428""","""Duration of window (s)""","""5.039366""","""Actual frequency (Hz)""","""100.012580""","""Minimum acceptable frequency (Hz)""","""0.090000""","""Maximum acceptable frequency (Hz)""","""1100.000000"""
1545139248024394873,,16089,,1545139248,15864375,'',,0,"""vicon","""OK""","""none""",,"""latest VICON frame number""","""1686962""","""dropped frames""","""18""","""framecount""","""1617537""","""# markers""","""45""","""# unlabeled markers""","""13""",0,"""vicon","""Desired frequency met""","""none""",,"""Events in window""","""503""","""Events since startup""","""1617528""","""Duration of window (s)""","""5.030654""","""Actual frequency (Hz)""","""99.986992""","""Minimum acceptable frequency (Hz)""","""0.090000""","""Maximum acceptable frequency (Hz)""","""1100.000000"""
1545139249044866143,,16090,,1545139249,25491791,'',,0,"""vicon","""OK""","""none""",,"""latest VICON frame number""","""1687063""","""dropped frames""","""18""","""framecount""","""1617638""","""# markers""","""44""","""# unlabeled markers""","""12""",0,"""vicon","""Desired frequency met""","""none""",,"""Events in window""","""503""","""Events since startup""","""1617629""","""Duration of window (s)""","""5.030535""","""Actual frequency (Hz)""","""99.989366""","""Minimum acceptable frequency (Hz)""","""0.090000""","""Maximum acceptable frequency (Hz)""","""1100.000000"""
1545139250085452686,,16091,,1545139250,25933496,'',,0,"""vicon","""OK""","""none""",,"""latest VICON frame number""","""1687163""","""dropped frames""","""18""","""framecount""","""1617738""","""# markers""","""44""","""# unlabeled markers""","""12""",0,"""vicon","""Desired frequency met""","""none""",,"""Events in window""","""502""","""Events since startup""","""1617729""","""Duration of window (s)""","""5.022155""","""Actual frequency (Hz)""","""99.957086""","""Minimum acceptable frequency (Hz)""","""0.090000""","""Maximum acceptable frequency (Hz)""","""1100.000000"""
1545139251032178729,,16092,,1545139251,26022330,'',,0,"""vicon","""OK""","""none""",,"""latest VICON frame number""","""1687263""","""dropped frames""","""18""","""framecount""","""1617838""","""# markers""","""46""","""# unlabeled markers""","""14""",0,"""vicon","""Desired frequency met""","""none""",,"""Events in window""","""501""","""Events since startup""","""1617829""","""Duration of window (s)""","""5.013975""","""Actual frequency (Hz)""","""99.920720""","""Minimum acceptable frequency (Hz)""","""0.090000""","""Maximum acceptable frequency (Hz)""","""1100.000000"""
1545139252032308631,,16093,,1545139252,26243541,'',,0,"""vicon","""OK""","""none""",,"""latest VICON frame number""","""1687363""","""dropped frames""","""18""","""framecount""","""1617938""","""# markers""","""45""","""# unlabeled markers""","""13""",0,"""vicon","""Desired frequency met""","""none""",,"""Events in window""","""501""","""Events since startup""","""1617929""","""Duration of window (s)""","""5.012451""","""Actual frequency (Hz)""","""99.951092""","""Minimum acceptable frequency (Hz)""","""0.090000""","""Maximum acceptable frequency (Hz)""","""1100.000000"""
1545139253042889474,,16094,,1545139253,36029513,'',,0,"""vicon","""OK""","""none""",,"""latest VICON frame number""","""1687464""","""dropped frames""","""18""","""framecount""","""1618039""","""# markers""","""45""","""# unlabeled markers""","""13""",0,"""vicon","""Desired frequency met""","""none""",,"""Events in window""","""502""","""Events since startup""","""1618030""","""Duration of window (s)""","""5.020204""","""Actual frequency (Hz)""","""99.995946""","""Minimum acceptable frequency (Hz)""","""0.090000""","""Maximum acceptable frequency (Hz)""","""1100.000000"""
1545139254069806686,,16095,,1545139254,45206078,'',,0,"""vicon","""OK""","""none""",,"""latest VICON frame number""","""1687565""","""dropped frames""","""18""","""framecount""","""1618140""","""# markers""","""46""","""# unlabeled markers""","""14""",0,"""vicon","""Desired frequency met""","""none""",,"""Events in window""","""502""","""Events since startup""","""1618131""","""Duration of window (s)""","""5.019715""","""Actual frequency (Hz)""","""100.005669""","""Minimum acceptable frequency (Hz)""","""0.090000""","""Maximum acceptable frequency (Hz)""","""1100.000000"""
1545139255066887938,,16096,,1545139255,46223441,'',,0,"""vicon","""OK""","""none""",,"""latest VICON frame number""","""1687665""","""dropped frames""","""18""","""framecount""","""1618240""","""# markers""","""45""","""# unlabeled markers""","""13""",0,"""vicon","""Desired frequency met""","""none""",,"""Events in window""","""502""","""Events since startup""","""1618231""","""Duration of window (s)""","""5.020279""","""Actual frequency (Hz)""","""99.994433""","""Minimum acceptable frequency (Hz)""","""0.090000""","""Maximum acceptable frequency (Hz)""","""1100.000000"""
1545139256060743348,,16097,,1545139256,54784125,'',,0,"""vicon","""OK""","""none""",,"""latest VICON frame number""","""1687766""","""dropped frames""","""18""","""framecount""","""1618341""","""# markers""","""45""","""# unlabeled markers""","""13""",0,"""vicon","""Desired frequency met""","""none""",,"""Events in window""","""503""","""Events since startup""","""1618332""","""Duration of window (s)""","""5.028756""","""Actual frequency (Hz)""","""100.024746""","""Minimum acceptable frequency (Hz)""","""0.090000""","""Maximum acceptable frequency (Hz)""","""1100.000000"""
1545139257069696298,,16098,,1545139257,56291402,'',,0,"""vicon","""OK""","""none""",,"""latest VICON frame number""","""1687866""","""dropped frames""","""18""","""framecount""","""1618441""","""# markers""","""44""","""# unlabeled markers""","""12""",0,"""vicon","""Desired frequency met""","""none""",,"""Events in window""","""503""","""Events since startup""","""1618432""","""Duration of window (s)""","""5.030049""","""Actual frequency (Hz)""","""99.999018""","""Minimum acceptable frequency (Hz)""","""0.090000""","""Maximum acceptable frequency (Hz)""","""1100.000000"""
1545139258068758330,,16099,,1545139258,63721358,'',,0,"""vicon","""OK""","""none""",,"""latest VICON frame number""","""1687967""","""dropped frames""","""18""","""framecount""","""1618542""","""# markers""","""48""","""# unlabeled markers""","""16""",0,"""vicon","""Desired frequency met""","""none""",,"""Events in window""","""503""","""Events since startup""","""1618533""","""Duration of window (s)""","""5.027641""","""Actual frequency (Hz)""","""100.046925""","""Minimum acceptable frequency (Hz)""","""0.090000""","""Maximum acceptable frequency (Hz)""","""1100.000000"""
1545139259072353140,,16100,,1545139259,63855769,'',,0,"""vicon","""OK""","""none""",,"""latest VICON frame number""","""1688067""","""dropped frames""","""18""","""framecount""","""1618642""","""# markers""","""46""","""# unlabeled markers""","""14""",0,"""vicon","""Desired frequency met""","""none""",,"""Events in window""","""502""","""Events since startup""","""1618633""","""Duration of window (s)""","""5.018650""","""Actual frequency (Hz)""","""100.026909""","""Minimum acceptable frequency (Hz)""","""0.090000""","""Maximum acceptable frequency (Hz)""","""1100.000000"""
1545139260071426794,,16101,,1545139260,64404748,'',,0,"""vicon","""OK""","""none""",,"""latest VICON frame number""","""1688167""","""dropped frames""","""18""","""framecount""","""1618742""","""# markers""","""42""","""# unlabeled markers""","""10""",0,"""vicon","""Desired frequency met""","""none""",,"""Events in window""","""502""","""Events since startup""","""1618733""","""Duration of window (s)""","""5.018193""","""Actual frequency (Hz)""","""100.036008""","""Minimum acceptable frequency (Hz)""","""0.090000""","""Maximum acceptable frequency (Hz)""","""1100.000000"""
1545139261096792169,,16102,,1545139261,73688526,'',,0,"""vicon","""OK""","""none""",,"""latest VICON frame number""","""1688268""","""dropped frames""","""18""","""framecount""","""1618843""","""# markers""","""45""","""# unlabeled markers""","""13""",0,"""vicon","""Desired frequency met""","""none""",,"""Events in window""","""502""","""Events since startup""","""1618834""","""Duration of window (s)""","""5.018909""","""Actual frequency (Hz)""","""100.021745""","""Minimum acceptable frequency (Hz)""","""0.090000""","""Maximum acceptable frequency (Hz)""","""1100.000000"""
1545139262167866867,,16103,,1545139262,76075514,'',,0,"""vicon","""OK""","""none""",,"""latest VICON frame number""","""1688368""","""dropped frames""","""18""","""framecount""","""1618943""","""# markers""","""46""","""# unlabeled markers""","""14""",0,"""vicon","""Desired frequency met""","""none""",,"""Events in window""","""502""","""Events since startup""","""1618934""","""Duration of window (s)""","""5.019783""","""Actual frequency (Hz)""","""100.004315""","""Minimum acceptable frequency (Hz)""","""0.090000""","""Maximum acceptable frequency (Hz)""","""1100.000000"""
1545139263131760049,,16104,,1545139263,82946579,'',,0,"""vicon","""OK""","""none""",,"""latest VICON frame number""","""1688469""","""dropped frames""","""18""","""framecount""","""1619044""","""# markers""","""46""","""# unlabeled markers""","""14""",0,"""vicon","""Desired frequency met""","""none""",,"""Events in window""","""502""","""Events since startup""","""1619035""","""Duration of window (s)""","""5.019262""","""Actual frequency (Hz)""","""100.014708""","""Minimum acceptable frequency (Hz)""","""0.090000""","""Maximum acceptable frequency (Hz)""","""1100.000000"""
1545139264165457025,,16105,,1545139264,84875646,'',,0,"""vicon","""OK""","""none""",,"""latest VICON frame number""","""1688569""","""dropped frames""","""18""","""framecount""","""1619144""","""# markers""","""44""","""# unlabeled markers""","""12""",0,"""vicon","""Desired frequency met""","""none""",,"""Events in window""","""502""","""Events since startup""","""1619135""","""Duration of window (s)""","""5.021019""","""Actual frequency (Hz)""","""99.979709""","""Minimum acceptable frequency (Hz)""","""0.090000""","""Maximum acceptable frequency (Hz)""","""1100.000000"""
1545139265155960747,,16106,,1545139265,94668079,'',,0,"""vicon","""OK""","""none""",,"""latest VICON frame number""","""1688670""","""dropped frames""","""18""","""framecount""","""1619245""","""# markers""","""45""","""# unlabeled markers""","""13""",0,"""vicon","""Desired frequency met""","""none""",,"""Events in window""","""503""","""Events since startup""","""1619236""","""Duration of window (s)""","""5.030263""","""Actual frequency (Hz)""","""99.994772""","""Minimum acceptable frequency (Hz)""","""0.090000""","""Maximum acceptable frequency (Hz)""","""1100.000000"""
1545139266228254411,,16107,,1545139266,102290261,'',,0,"""vicon","""OK""","""none""",,"""latest VICON frame number""","""1688771""","""dropped frames""","""18""","""framecount""","""1619346""","""# markers""","""46""","""# unlabeled markers""","""14""",0,"""vicon","""Desired frequency met""","""none""",,"""Events in window""","""503""","""Events since startup""","""1619337""","""Duration of window (s)""","""5.028603""","""Actual frequency (Hz)""","""100.027781""","""Minimum acceptable frequency (Hz)""","""0.090000""","""Maximum acceptable frequency (Hz)""","""1100.000000"""
1545139267110640759,,16108,,1545139267,104008751,'',,0,"""vicon","""OK""","""none""",,"""latest VICON frame number""","""1688871""","""dropped frames""","""18""","""framecount""","""1619446""","""# markers""","""44""","""# unlabeled markers""","""12""",0,"""vicon","""Desired frequency met""","""none""",,"""Events in window""","""503""","""Events since startup""","""1619437""","""Duration of window (s)""","""5.027932""","""Actual frequency (Hz)""","""100.041135""","""Minimum acceptable frequency (Hz)""","""0.090000""","""Maximum acceptable frequency (Hz)""","""1100.000000"""
1545139268120168694,,16109,,1545139268,104249239,'',,0,"""vicon","""OK""","""none""",,"""latest VICON frame number""","""1688971""","""dropped frames""","""18""","""framecount""","""1619546""","""# markers""","""45""","""# unlabeled markers""","""13""",0,"""vicon","""Desired frequency met""","""none""",,"""Events in window""","""502""","""Events since startup""","""1619537""","""Duration of window (s)""","""5.021284""","""Actual frequency (Hz)""","""99.974424""","""Minimum acceptable frequency (Hz)""","""0.090000""","""Maximum acceptable frequency (Hz)""","""1100.000000"""
1545139269169521665,,16110,,1545139269,115446566,'',,0,"""vicon","""OK""","""none""",,"""latest VICON frame number""","""1689072""","""dropped frames""","""18""","""framecount""","""1619647""","""# markers""","""44""","""# unlabeled markers""","""12""",0,"""vicon","""Desired frequency met""","""none""",,"""Events in window""","""503""","""Events since startup""","""1619638""","""Duration of window (s)""","""5.030570""","""Actual frequency (Hz)""","""99.988668""","""Minimum acceptable frequency (Hz)""","""0.090000""","""Maximum acceptable frequency (Hz)""","""1100.000000"""
1545139270139724447,,16111,,1545139270,125353406,'',,0,"""vicon","""OK""","""none""",,"""latest VICON frame number""","""1689173""","""dropped frames""","""18""","""framecount""","""1619748""","""# markers""","""45""","""# unlabeled markers""","""13""",0,"""vicon","""Desired frequency met""","""none""",,"""Events in window""","""503""","""Events since startup""","""1619739""","""Duration of window (s)""","""5.030685""","""Actual frequency (Hz)""","""99.986392""","""Minimum acceptable frequency (Hz)""","""0.090000""","""Maximum acceptable frequency (Hz)""","""1100.000000"""
1545139271248648278,,16112,,1545139271,133447969,'',,0,"""vicon","""OK""","""none""",,"""latest VICON frame number""","""1689274""","""dropped frames""","""18""","""framecount""","""1619849""","""# markers""","""45""","""# unlabeled markers""","""13""",0,"""vicon","""Desired frequency met""","""none""",,"""Events in window""","""503""","""Events since startup""","""1619840""","""Duration of window (s)""","""5.031157""","""Actual frequency (Hz)""","""99.976996""","""Minimum acceptable frequency (Hz)""","""0.090000""","""Maximum acceptable frequency (Hz)""","""1100.000000"""
1545139272823841647,,16113,,1545139272,143055946,'',,0,"""vicon","""OK""","""none""",,"""latest VICON frame number""","""1689375""","""dropped frames""","""18""","""framecount""","""1619950""","""# markers""","""44""","""# unlabeled markers""","""12""",0,"""vicon","""Desired frequency met""","""none""",,"""Events in window""","""504""","""Events since startup""","""1619941""","""Duration of window (s)""","""5.039046""","""Actual frequency (Hz)""","""100.018932""","""Minimum acceptable frequency (Hz)""","""0.090000""","""Maximum acceptable frequency (Hz)""","""1100.000000"""
1545139273421317895,,16114,,1545139273,150971394,'',,0,"""vicon","""OK""","""none""",,"""latest VICON frame number""","""1689476""","""dropped frames""","""18""","""framecount""","""1620051""","""# markers""","""45""","""# unlabeled markers""","""13""",0,"""vicon","""Desired frequency met""","""none""",,"""Events in window""","""505""","""Events since startup""","""1620042""","""Duration of window (s)""","""5.046757""","""Actual frequency (Hz)""","""100.064254""","""Minimum acceptable frequency (Hz)""","""0.090000""","""Maximum acceptable frequency (Hz)""","""1100.000000"""
1545139274165645321,,16115,,1545139274,155580940,'',,0,"""vicon","""OK""","""none""",,"""latest VICON frame number""","""1689576""","""dropped frames""","""18""","""framecount""","""1620151""","""# markers""","""47""","""# unlabeled markers""","""15""",0,"""vicon","""Desired frequency met""","""none""",,"""Events in window""","""504""","""Events since startup""","""1620142""","""Duration of window (s)""","""5.040134""","""Actual frequency (Hz)""","""99.997336""","""Minimum acceptable frequency (Hz)""","""0.090000""","""Maximum acceptable frequency (Hz)""","""1100.000000"""
1545139275190417110,,16116,,1545139275,155813943,'',,0,"""vicon","""OK""","""none""",,"""latest VICON frame number""","""1689676""","""dropped frames""","""18""","""framecount""","""1620251""","""# markers""","""45""","""# unlabeled markers""","""13""",0,"""vicon","""Desired frequency met""","""none""",,"""Events in window""","""503""","""Events since startup""","""1620242""","""Duration of window (s)""","""5.030435""","""Actual frequency (Hz)""","""99.991346""","""Minimum acceptable frequency (Hz)""","""0.090000""","""Maximum acceptable frequency (Hz)""","""1100.000000"""
1545139276179022874,,16117,,1545139276,156613026,'',,0,"""vicon","""OK""","""none""",,"""latest VICON frame number""","""1689776""","""dropped frames""","""18""","""framecount""","""1620351""","""# markers""","""46""","""# unlabeled markers""","""14""",0,"""vicon","""Desired frequency met""","""none""",,"""Events in window""","""502""","""Events since startup""","""1620342""","""Duration of window (s)""","""5.023207""","""Actual frequency (Hz)""","""99.936160""","""Minimum acceptable frequency (Hz)""","""0.090000""","""Maximum acceptable frequency (Hz)""","""1100.000000"""
1545139277169837131,,16118,,1545139277,164138857,'',,0,"""vicon","""OK""","""none""",,"""latest VICON frame number""","""1689877""","""dropped frames""","""18""","""framecount""","""1620452""","""# markers""","""47""","""# unlabeled markers""","""15""",0,"""vicon","""Desired frequency met""","""none""",,"""Events in window""","""502""","""Events since startup""","""1620443""","""Duration of window (s)""","""5.021125""","""Actual frequency (Hz)""","""99.977595""","""Minimum acceptable frequency (Hz)""","""0.090000""","""Maximum acceptable frequency (Hz)""","""1100.000000"""
1545139278187940460,,16119,,1545139278,173614706,'',,0,"""vicon","""OK""","""none""",,"""latest VICON frame number""","""1689978""","""dropped frames""","""18""","""framecount""","""1620553""","""# markers""","""45""","""# unlabeled markers""","""13""",0,"""vicon","""Desired frequency met""","""none""",,"""Events in window""","""502""","""Events since startup""","""1620544""","""Duration of window (s)""","""5.022591""","""Actual frequency (Hz)""","""99.948418""","""Minimum acceptable frequency (Hz)""","""0.090000""","""Maximum acceptable frequency (Hz)""","""1100.000000"""
1545139279199862083,,16120,,1545139279,182806378,'',,0,"""vicon","""OK""","""none""",,"""latest VICON frame number""","""1690079""","""dropped frames""","""18""","""framecount""","""1620654""","""# markers""","""45""","""# unlabeled markers""","""13""",0,"""vicon","""Desired frequency met""","""none""",,"""Events in window""","""503""","""Events since startup""","""1620645""","""Duration of window (s)""","""5.027268""","""Actual frequency (Hz)""","""100.054342""","""Minimum acceptable frequency (Hz)""","""0.090000""","""Maximum acceptable frequency (Hz)""","""1100.000000"""
1545139280189214442,,16121,,1545139280,183680455,'',,0,"""vicon","""OK""","""none""",,"""latest VICON frame number""","""1690179""","""dropped frames""","""18""","""framecount""","""1620754""","""# markers""","""44""","""# unlabeled markers""","""12""",0,"""vicon","""Desired frequency met""","""none""",,"""Events in window""","""503""","""Events since startup""","""1620745""","""Duration of window (s)""","""5.027934""","""Actual frequency (Hz)""","""100.041083""","""Minimum acceptable frequency (Hz)""","""0.090000""","""Maximum acceptable frequency (Hz)""","""1100.000000"""
1545139281280016145,,16122,,1545139281,193891033,'',,0,"""vicon","""OK""","""none""",,"""latest VICON frame number""","""1690280""","""dropped frames""","""18""","""framecount""","""1620855""","""# markers""","""42""","""# unlabeled markers""","""10""",0,"""vicon","""Desired frequency met""","""none""",,"""Events in window""","""504""","""Events since startup""","""1620846""","""Duration of window (s)""","""5.037276""","""Actual frequency (Hz)""","""100.054075""","""Minimum acceptable frequency (Hz)""","""0.090000""","""Maximum acceptable frequency (Hz)""","""1100.000000"""
1545139282222551063,,16123,,1545139282,204723853,'',,0,"""vicon","""OK""","""none""",,"""latest VICON frame number""","""1690381""","""dropped frames""","""18""","""framecount""","""1620956""","""# markers""","""44""","""# unlabeled markers""","""12""",0,"""vicon","""Desired frequency met""","""none""",,"""Events in window""","""504""","""Events since startup""","""1620947""","""Duration of window (s)""","""5.040587""","""Actual frequency (Hz)""","""99.988348""","""Minimum acceptable frequency (Hz)""","""0.090000""","""Maximum acceptable frequency (Hz)""","""1100.000000"""
1545139283221876102,,16124,,1545139283,213705898,'',,0,"""vicon","""OK""","""none""",,"""latest VICON frame number""","""1690482""","""dropped frames""","""18""","""framecount""","""1621057""","""# markers""","""44""","""# unlabeled markers""","""12""",0,"""vicon","""Desired frequency met""","""none""",,"""Events in window""","""504""","""Events since startup""","""1621048""","""Duration of window (s)""","""5.040142""","""Actual frequency (Hz)""","""99.997191""","""Minimum acceptable frequency (Hz)""","""0.090000""","""Maximum acceptable frequency (Hz)""","""1100.000000"""
1545139284232219751,,16125,,1545139284,222536480,'',,0,"""vicon","""OK""","""none""",,"""latest VICON frame number""","""1690583""","""dropped frames""","""18""","""framecount""","""1621158""","""# markers""","""45""","""# unlabeled markers""","""13""",0,"""vicon","""Desired frequency met""","""none""",,"""Events in window""","""504""","""Events since startup""","""1621149""","""Duration of window (s)""","""5.039705""","""Actual frequency (Hz)""","""100.005845""","""Minimum acceptable frequency (Hz)""","""0.090000""","""Maximum acceptable frequency (Hz)""","""1100.000000"""
1545139285230764943,,16126,,1545139285,225123705,'',,0,"""vicon","""OK""","""none""",,"""latest VICON frame number""","""1690683""","""dropped frames""","""18""","""framecount""","""1621258""","""# markers""","""45""","""# unlabeled markers""","""13""",0,"""vicon","""Desired frequency met""","""none""",,"""Events in window""","""504""","""Events since startup""","""1621249""","""Duration of window (s)""","""5.041424""","""Actual frequency (Hz)""","""99.971748""","""Minimum acceptable frequency (Hz)""","""0.090000""","""Maximum acceptable frequency (Hz)""","""1100.000000"""
1545139286243503056,,16127,,1545139286,235449173,'',,0,"""vicon","""OK""","""none""",,"""latest VICON frame number""","""1690784""","""dropped frames""","""18""","""framecount""","""1621359""","""# markers""","""43""","""# unlabeled markers""","""11""",0,"""vicon","""Desired frequency met""","""none""",,"""Events in window""","""504""","""Events since startup""","""1621350""","""Duration of window (s)""","""5.041497""","""Actual frequency (Hz)""","""99.970310""","""Minimum acceptable frequency (Hz)""","""0.090000""","""Maximum acceptable frequency (Hz)""","""1100.000000"""
1545139287285639590,,16128,,1545139287,242687715,'',,0,"""vicon","""OK""","""none""",,"""latest VICON frame number""","""1690885""","""dropped frames""","""18""","""framecount""","""1621460""","""# markers""","""46""","""# unlabeled markers""","""14""",0,"""vicon","""Desired frequency met""","""none""",,"""Events in window""","""504""","""Events since startup""","""1621451""","""Duration of window (s)""","""5.037923""","""Actual frequency (Hz)""","""100.041237""","""Minimum acceptable frequency (Hz)""","""0.090000""","""Maximum acceptable frequency (Hz)""","""1100.000000"""
1545139288276330798,,16129,,1545139288,245061485,'',,0,"""vicon","""OK""","""none""",,"""latest VICON frame number""","""1690985""","""dropped frames""","""18""","""framecount""","""1621560""","""# markers""","""45""","""# unlabeled markers""","""13""",0,"""vicon","""Desired frequency met""","""none""",,"""Events in window""","""503""","""Events since startup""","""1621551""","""Duration of window (s)""","""5.031315""","""Actual frequency (Hz)""","""99.973868""","""Minimum acceptable frequency (Hz)""","""0.090000""","""Maximum acceptable frequency (Hz)""","""1100.000000"""
1545139289259461232,,16130,,1545139289,251667361,'',,0,"""vicon","""OK""","""none""",,"""latest VICON frame number""","""1691086""","""dropped frames""","""18""","""framecount""","""1621661""","""# markers""","""45""","""# unlabeled markers""","""13""",0,"""vicon","""Desired frequency met""","""none""",,"""Events in window""","""503""","""Events since startup""","""1621652""","""Duration of window (s)""","""5.029113""","""Actual frequency (Hz)""","""100.017636""","""Minimum acceptable frequency (Hz)""","""0.090000""","""Maximum acceptable frequency (Hz)""","""1100.000000"""
1545139290259692298,,16131,,1545139290,254502398,'',,0,"""vicon","""OK""","""none""",,"""latest VICON frame number""","""1691186""","""dropped frames""","""18""","""framecount""","""1621761""","""# markers""","""44""","""# unlabeled markers""","""12""",0,"""vicon","""Desired frequency met""","""none""",,"""Events in window""","""503""","""Events since startup""","""1621752""","""Duration of window (s)""","""5.029353""","""Actual frequency (Hz)""","""100.012856""","""Minimum acceptable frequency (Hz)""","""0.090000""","""Maximum acceptable frequency (Hz)""","""1100.000000"""
1545139291271131290,,16132,,1545139291,263475256,'',,0,"""vicon","""OK""","""none""",,"""latest VICON frame number""","""1691287""","""dropped frames""","""18""","""framecount""","""1621862""","""# markers""","""44""","""# unlabeled markers""","""12""",0,"""vicon","""Desired frequency met""","""none""",,"""Events in window""","""503""","""Events since startup""","""1621853""","""Duration of window (s)""","""5.028046""","""Actual frequency (Hz)""","""100.038871""","""Minimum acceptable frequency (Hz)""","""0.090000""","""Maximum acceptable frequency (Hz)""","""1100.000000"""
1545139292299094360,,16133,,1545139292,265061659,'',,0,"""vicon","""OK""","""none""",,"""latest VICON frame number""","""1691387""","""dropped frames""","""18""","""framecount""","""1621962""","""# markers""","""46""","""# unlabeled markers""","""14""",0,"""vicon","""Desired frequency met""","""none""",,"""Events in window""","""502""","""Events since startup""","""1621953""","""Duration of window (s)""","""5.022373""","""Actual frequency (Hz)""","""99.952759""","""Minimum acceptable frequency (Hz)""","""0.090000""","""Maximum acceptable frequency (Hz)""","""1100.000000"""
1545139293287598613,,16134,,1545139293,273115543,'',,0,"""vicon","""OK""","""none""",,"""latest VICON frame number""","""1691488""","""dropped frames""","""18""","""framecount""","""1622063""","""# markers""","""45""","""# unlabeled markers""","""13""",0,"""vicon","""Desired frequency met""","""none""",,"""Events in window""","""503""","""Events since startup""","""1622054""","""Duration of window (s)""","""5.028048""","""Actual frequency (Hz)""","""100.038830""","""Minimum acceptable frequency (Hz)""","""0.090000""","""Maximum acceptable frequency (Hz)""","""1100.000000"""
1545139294294230639,,16135,,1545139294,273330089,'',,0,"""vicon","""OK""","""none""",,"""latest VICON frame number""","""1691588""","""dropped frames""","""18""","""framecount""","""1622163""","""# markers""","""46""","""# unlabeled markers""","""14""",0,"""vicon","""Desired frequency met""","""none""",,"""Events in window""","""502""","""Events since startup""","""1622154""","""Duration of window (s)""","""5.021663""","""Actual frequency (Hz)""","""99.966883""","""Minimum acceptable frequency (Hz)""","""0.090000""","""Maximum acceptable frequency (Hz)""","""1100.000000"""
1545139295276170748,,16136,,1545139295,273632370,'',,0,"""vicon","""OK""","""none""",,"""latest VICON frame number""","""1691688""","""dropped frames""","""18""","""framecount""","""1622263""","""# markers""","""47""","""# unlabeled markers""","""15""",0,"""vicon","""Desired frequency met""","""none""",,"""Events in window""","""502""","""Events since startup""","""1622254""","""Duration of window (s)""","""5.019132""","""Actual frequency (Hz)""","""100.017299""","""Minimum acceptable frequency (Hz)""","""0.090000""","""Maximum acceptable frequency (Hz)""","""1100.000000"""
1545139296295425718,,16137,,1545139296,283357314,'',,0,"""vicon","""OK""","""none""",,"""latest VICON frame number""","""1691789""","""dropped frames""","""18""","""framecount""","""1622364""","""# markers""","""46""","""# unlabeled markers""","""14""",0,"""vicon","""Desired frequency met""","""none""",,"""Events in window""","""502""","""Events since startup""","""1622355""","""Duration of window (s)""","""5.019916""","""Actual frequency (Hz)""","""100.001666""","""Minimum acceptable frequency (Hz)""","""0.090000""","""Maximum acceptable frequency (Hz)""","""1100.000000"""
1545139297301421420,,16138,,1545139297,293351357,'',,0,"""vicon","""OK""","""none""",,"""latest VICON frame number""","""1691890""","""dropped frames""","""18""","""framecount""","""1622465""","""# markers""","""45""","""# unlabeled markers""","""13""",0,"""vicon","""Desired frequency met""","""none""",,"""Events in window""","""503""","""Events since startup""","""1622456""","""Duration of window (s)""","""5.028289""","""Actual frequency (Hz)""","""100.034028""","""Minimum acceptable frequency (Hz)""","""0.090000""","""Maximum acceptable frequency (Hz)""","""1100.000000"""
1545139298298140646,,16139,,1545139298,294088689,'',,0,"""vicon","""OK""","""none""",,"""latest VICON frame number""","""1691990""","""dropped frames""","""18""","""framecount""","""1622565""","""# markers""","""46""","""# unlabeled markers""","""14""",0,"""vicon","""Desired frequency met""","""none""",,"""Events in window""","""502""","""Events since startup""","""1622556""","""Duration of window (s)""","""5.020980""","""Actual frequency (Hz)""","""99.980481""","""Minimum acceptable frequency (Hz)""","""0.090000""","""Maximum acceptable frequency (Hz)""","""1100.000000"""
